TpTrace Verbose: 0 : 25872, 2, 2025/09/22, 15:23:00.224, 8204477902610, vstest.console.dll, Version: 17.14.1-release-25302-01 Current process architecture: X64
TpTrace Verbose: 0 : 25872, 2, 2025/09/22, 15:23:00.226, 8204477923275, vstest.console.dll, Runtime location: C:\Program Files\dotnet\shared\Microsoft.NETCore.App\9.0.8
TpTrace Verbose: 0 : 25872, 2, 2025/09/22, 15:23:00.228, 8204477941478, vstest.console.dll, ArtifactProcessingPostProcessModeProcessorExecutor.Initialize: ArtifactProcessingMode.Collect
TpTrace Verbose: 0 : 25872, 2, 2025/09/22, 15:23:00.228, 8204477942565, vstest.console.dll, TestSessionCorrelationIdProcessorModeProcessorExecutor.Initialize: TestSessionCorrelationId '21020_223b77c0-aeb1-404e-aa48-0ce0b1eff1c6'
TpTrace Information: 0 : 25872, 2, 2025/09/22, 15:23:00.236, 8204478026291, vstest.console.dll, FilePatternParser: The given file D:\Automation\WWT-Automation\bin\Debug\net8.0\fine-code-coverage\build-output\WWT-Automation.dll is a full path.
TpTrace Verbose: 0 : 25872, 2, 2025/09/22, 15:23:00.240, 8204478062772, vstest.console.dll, TestPluginCache.DiscoverTestExtensions: finding test extensions in assemblies ends with: RuntimeProvider.dll TPluginInfo: Microsoft.VisualStudio.TestPlatform.Common.ExtensionFramework.Utilities.TestRuntimePluginInformation TExtension: Microsoft.VisualStudio.TestPlatform.ObjectModel.Host.ITestRuntimeProvider
TpTrace Verbose: 0 : 25872, 2, 2025/09/22, 15:23:00.240, 8204478065608, vstest.console.dll, TestPluginCache.GetExtensionPaths: Filtered extension paths: 
TpTrace Verbose: 0 : 25872, 2, 2025/09/22, 15:23:00.240, 8204478066258, vstest.console.dll, TestPluginCache.GetExtensionPaths: Added default extension paths: C:\Program Files\dotnet\sdk\9.0.304\Extensions\Microsoft.Diagnostics.NETCore.Client.dll
C:\Program Files\dotnet\sdk\9.0.304\Extensions\Microsoft.TestPlatform.Extensions.BlameDataCollector.dll
C:\Program Files\dotnet\sdk\9.0.304\Extensions\Microsoft.TestPlatform.Extensions.EventLogCollector.dll
C:\Program Files\dotnet\sdk\9.0.304\Extensions\Microsoft.TestPlatform.TestHostRuntimeProvider.dll
C:\Program Files\dotnet\sdk\9.0.304\Extensions\Microsoft.VisualStudio.TestPlatform.Extensions.Html.TestLogger.dll
C:\Program Files\dotnet\sdk\9.0.304\Extensions\Microsoft.VisualStudio.TestPlatform.Extensions.Trx.TestLogger.dll
TpTrace Verbose: 0 : 25872, 2, 2025/09/22, 15:23:00.240, 8204478066591, vstest.console.dll, TestPluginCache.GetExtensionPaths: Added unfilterableExtensionPaths: 
TpTrace Information: 0 : 25872, 2, 2025/09/22, 15:23:00.240, 8204478070726, vstest.console.dll, AssemblyResolver.ctor: Creating AssemblyResolver with searchDirectories C:\Program Files\dotnet\sdk\9.0.304\Extensions,C:\Program Files\dotnet\sdk\9.0.304
TpTrace Verbose: 0 : 25872, 2, 2025/09/22, 15:23:00.242, 8204478083425, vstest.console.dll, TestPluginCache.DiscoverTestExtensions: Discovering the extensions using extension path.
TpTrace Verbose: 0 : 25872, 2, 2025/09/22, 15:23:00.242, 8204478084423, vstest.console.dll, TestPluginCache.GetExtensionPaths: Filtered extension paths: 
TpTrace Verbose: 0 : 25872, 2, 2025/09/22, 15:23:00.242, 8204478084747, vstest.console.dll, TestPluginCache.GetExtensionPaths: Added default extension paths: C:\Program Files\dotnet\sdk\9.0.304\Extensions\Microsoft.Diagnostics.NETCore.Client.dll
C:\Program Files\dotnet\sdk\9.0.304\Extensions\Microsoft.TestPlatform.Extensions.BlameDataCollector.dll
C:\Program Files\dotnet\sdk\9.0.304\Extensions\Microsoft.TestPlatform.Extensions.EventLogCollector.dll
C:\Program Files\dotnet\sdk\9.0.304\Extensions\Microsoft.TestPlatform.TestHostRuntimeProvider.dll
C:\Program Files\dotnet\sdk\9.0.304\Extensions\Microsoft.VisualStudio.TestPlatform.Extensions.Html.TestLogger.dll
C:\Program Files\dotnet\sdk\9.0.304\Extensions\Microsoft.VisualStudio.TestPlatform.Extensions.Trx.TestLogger.dll
TpTrace Verbose: 0 : 25872, 2, 2025/09/22, 15:23:00.242, 8204478085036, vstest.console.dll, TestPluginCache.GetExtensionPaths: Added unfilterableExtensionPaths: 
TpTrace Verbose: 0 : 25872, 2, 2025/09/22, 15:23:00.242, 8204478085489, vstest.console.dll, TestPluginCache.DiscoverTestExtensions: Discovering the extensions using allExtensionPaths: C:\Program Files\dotnet\sdk\9.0.304\Extensions\Microsoft.Diagnostics.NETCore.Client.dll
C:\Program Files\dotnet\sdk\9.0.304\Extensions\Microsoft.TestPlatform.Extensions.BlameDataCollector.dll
C:\Program Files\dotnet\sdk\9.0.304\Extensions\Microsoft.TestPlatform.Extensions.EventLogCollector.dll
C:\Program Files\dotnet\sdk\9.0.304\Extensions\Microsoft.TestPlatform.TestHostRuntimeProvider.dll
C:\Program Files\dotnet\sdk\9.0.304\Extensions\Microsoft.VisualStudio.TestPlatform.Extensions.Html.TestLogger.dll
C:\Program Files\dotnet\sdk\9.0.304\Extensions\Microsoft.VisualStudio.TestPlatform.Extensions.Trx.TestLogger.dll
TpTrace Information: 0 : 25872, 2, 2025/09/22, 15:23:00.242, 8204478086678, vstest.console.dll, AssemblyResolver.AddSearchDirectories: Adding more searchDirectories C:\Program Files\dotnet\sdk\9.0.304\Extensions,C:\Program Files\dotnet\sdk\9.0.304
TpTrace Information: 0 : 25872, 2, 2025/09/22, 15:23:00.242, 8204478087145, vstest.console.dll, AssemblyResolver.AddSearchDirectories: Adding more searchDirectories C:\Program Files\dotnet\sdk\9.0.304\Extensions,C:\Program Files\dotnet\sdk\9.0.304
TpTrace Information: 0 : 25872, 2, 2025/09/22, 15:23:00.242, 8204478087439, vstest.console.dll, AssemblyResolver.AddSearchDirectories: Adding more searchDirectories C:\Program Files\dotnet\sdk\9.0.304\Extensions,C:\Program Files\dotnet\sdk\9.0.304
TpTrace Information: 0 : 25872, 2, 2025/09/22, 15:23:00.242, 8204478087703, vstest.console.dll, AssemblyResolver.AddSearchDirectories: Adding more searchDirectories C:\Program Files\dotnet\sdk\9.0.304\Extensions,C:\Program Files\dotnet\sdk\9.0.304
TpTrace Information: 0 : 25872, 2, 2025/09/22, 15:23:00.242, 8204478087944, vstest.console.dll, AssemblyResolver.AddSearchDirectories: Adding more searchDirectories C:\Program Files\dotnet\sdk\9.0.304\Extensions,C:\Program Files\dotnet\sdk\9.0.304
TpTrace Information: 0 : 25872, 2, 2025/09/22, 15:23:00.242, 8204478088176, vstest.console.dll, AssemblyResolver.AddSearchDirectories: Adding more searchDirectories C:\Program Files\dotnet\sdk\9.0.304\Extensions,C:\Program Files\dotnet\sdk\9.0.304
TpTrace Information: 0 : 25872, 2, 2025/09/22, 15:23:00.243, 8204478092366, vstest.console.dll, AssemblyResolver.OnResolve: Microsoft.Diagnostics.NETCore.Client: Resolving assembly.
TpTrace Information: 0 : 25872, 2, 2025/09/22, 15:23:00.243, 8204478093130, vstest.console.dll, AssemblyResolver.OnResolve: Microsoft.Diagnostics.NETCore.Client: Searching in: 'C:\Program Files\dotnet\sdk\9.0.304\Extensions'.
TpTrace Information: 0 : 25872, 2, 2025/09/22, 15:23:00.254, 8204478202689, vstest.console.dll, AssemblyResolver.OnResolve: Microsoft.Diagnostics.NETCore.Client: Loading assembly 'C:\Program Files\dotnet\sdk\9.0.304\Extensions\Microsoft.Diagnostics.NETCore.Client.dll'.
TpTrace Information: 0 : 25872, 2, 2025/09/22, 15:23:00.254, 8204478207102, vstest.console.dll, AssemblyResolver.OnResolve: Resolved assembly: Microsoft.Diagnostics.NETCore.Client, from path: C:\Program Files\dotnet\sdk\9.0.304\Extensions\Microsoft.Diagnostics.NETCore.Client.dll
TpTrace Verbose: 0 : 25872, 2, 2025/09/22, 15:23:00.255, 8204478214486, vstest.console.dll, MetadataReaderExtensionsHelper: Discovering extensions inside assembly 'Microsoft.Diagnostics.NETCore.Client, Version=0.2.12.17301, Culture=neutral, PublicKeyToken=31bf3856ad364e35' file path 'C:\Program Files\dotnet\sdk\9.0.304\Extensions\Microsoft.Diagnostics.NETCore.Client.dll'
TpTrace Information: 0 : 25872, 2, 2025/09/22, 15:23:00.256, 8204478226196, vstest.console.dll, AssemblyResolver.OnResolve: Microsoft.Bcl.AsyncInterfaces: Resolving assembly.
TpTrace Information: 0 : 25872, 2, 2025/09/22, 15:23:00.256, 8204478226655, vstest.console.dll, AssemblyResolver.OnResolve: Microsoft.Bcl.AsyncInterfaces: Searching in: 'C:\Program Files\dotnet\sdk\9.0.304\Extensions'.
TpTrace Information: 0 : 25872, 2, 2025/09/22, 15:23:00.256, 8204478227327, vstest.console.dll, AssemblyResolver.OnResolve: Microsoft.Bcl.AsyncInterfaces: Assembly path does not exist: 'C:\Program Files\dotnet\sdk\9.0.304\Extensions\Microsoft.Bcl.AsyncInterfaces.dll', returning.
TpTrace Information: 0 : 25872, 2, 2025/09/22, 15:23:00.256, 8204478228164, vstest.console.dll, AssemblyResolver.OnResolve: Microsoft.Bcl.AsyncInterfaces: Assembly path does not exist: 'C:\Program Files\dotnet\sdk\9.0.304\Extensions\Microsoft.Bcl.AsyncInterfaces.exe', returning.
TpTrace Information: 0 : 25872, 2, 2025/09/22, 15:23:00.256, 8204478228480, vstest.console.dll, AssemblyResolver.OnResolve: Microsoft.Bcl.AsyncInterfaces: Searching in: 'C:\Program Files\dotnet\sdk\9.0.304'.
TpTrace Information: 0 : 25872, 2, 2025/09/22, 15:23:00.256, 8204478229010, vstest.console.dll, AssemblyResolver.OnResolve: Microsoft.Bcl.AsyncInterfaces: Assembly path does not exist: 'C:\Program Files\dotnet\sdk\9.0.304\Microsoft.Bcl.AsyncInterfaces.dll', returning.
TpTrace Information: 0 : 25872, 2, 2025/09/22, 15:23:00.256, 8204478229504, vstest.console.dll, AssemblyResolver.OnResolve: Microsoft.Bcl.AsyncInterfaces: Assembly path does not exist: 'C:\Program Files\dotnet\sdk\9.0.304\Microsoft.Bcl.AsyncInterfaces.exe', returning.
TpTrace Information: 0 : 25872, 2, 2025/09/22, 15:23:00.256, 8204478229744, vstest.console.dll, AssemblyResolver.OnResolve: Microsoft.Bcl.AsyncInterfaces: Failed to load assembly.
TpTrace Verbose: 0 : 25872, 2, 2025/09/22, 15:23:00.256, 8204478230082, vstest.console.dll, CurrentDomainAssemblyResolve: Resolving assembly 'Microsoft.Bcl.AsyncInterfaces'.
TpTrace Information: 0 : 25872, 2, 2025/09/22, 15:23:00.256, 8204478230511, vstest.console.dll, AssemblyResolver.OnResolve: Microsoft.Bcl.AsyncInterfaces: Resolving assembly.
TpTrace Information: 0 : 25872, 2, 2025/09/22, 15:23:00.256, 8204478230792, vstest.console.dll, AssemblyResolver.OnResolve: Microsoft.Bcl.AsyncInterfaces: Resolved from cache.
TpTrace Verbose: 0 : 25872, 2, 2025/09/22, 15:23:00.256, 8204478231012, vstest.console.dll, CurrentDomainAssemblyResolve: Resolving assembly 'Microsoft.Bcl.AsyncInterfaces'.
TpTrace Verbose: 0 : 25872, 2, 2025/09/22, 15:23:00.256, 8204478231250, vstest.console.dll, CurrentDomainAssemblyResolve: Failed to resolve assembly 'Microsoft.Bcl.AsyncInterfaces'.
TpTrace Verbose: 0 : 25872, 2, 2025/09/22, 15:23:00.257, 8204478238455, vstest.console.dll, CurrentDomainAssemblyResolve: Failed to resolve assembly 'Microsoft.Bcl.AsyncInterfaces'.
TpTrace Information: 0 : 25872, 2, 2025/09/22, 15:23:00.259, 8204478257074, vstest.console.dll, AssemblyResolver.OnResolve: Microsoft.Bcl.AsyncInterfaces: Resolving assembly.
TpTrace Information: 0 : 25872, 2, 2025/09/22, 15:23:00.259, 8204478257469, vstest.console.dll, AssemblyResolver.OnResolve: Microsoft.Bcl.AsyncInterfaces: Resolved from cache.
TpTrace Verbose: 0 : 25872, 2, 2025/09/22, 15:23:00.259, 8204478257711, vstest.console.dll, CurrentDomainAssemblyResolve: Resolving assembly 'Microsoft.Bcl.AsyncInterfaces'.
TpTrace Verbose: 0 : 25872, 2, 2025/09/22, 15:23:00.259, 8204478257976, vstest.console.dll, CurrentDomainAssemblyResolve: Failed to resolve assembly 'Microsoft.Bcl.AsyncInterfaces'.
TpTrace Warning: 0 : 25872, 2, 2025/09/22, 15:23:00.267, 8204478333591, vstest.console.dll, TestPluginDiscoverer: Failed to get types from assembly 'Microsoft.Diagnostics.NETCore.Client, Version=0.2.12.17301, Culture=neutral, PublicKeyToken=31bf3856ad364e35'. Error: System.Reflection.ReflectionTypeLoadException: Unable to load one or more of the requested types.
Could not load file or assembly 'Microsoft.Bcl.AsyncInterfaces, Version=6.0.0.0, Culture=neutral, PublicKeyToken=cc7b13ffcd2ddd51'. The system cannot find the file specified.
Could not load file or assembly 'Microsoft.Bcl.AsyncInterfaces, Version=6.0.0.0, Culture=neutral, PublicKeyToken=cc7b13ffcd2ddd51'. The system cannot find the file specified.
   at System.Reflection.RuntimeModule.GetDefinedTypes()
   at System.Reflection.RuntimeModule.GetTypes()
   at Microsoft.VisualStudio.TestPlatform.Common.ExtensionFramework.TestPluginDiscoverer.GetTestExtensionsFromAssembly[TPluginInfo,TExtension](Assembly assembly, Dictionary`2 pluginInfos, String filePath) in /_/src/Microsoft.TestPlatform.Common/ExtensionFramework/TestPluginDiscoverer.cs:line 159
System.IO.FileNotFoundException: Could not load file or assembly 'Microsoft.Bcl.AsyncInterfaces, Version=6.0.0.0, Culture=neutral, PublicKeyToken=cc7b13ffcd2ddd51'. The system cannot find the file specified.
File name: 'Microsoft.Bcl.AsyncInterfaces, Version=6.0.0.0, Culture=neutral, PublicKeyToken=cc7b13ffcd2ddd51'
 ---> System.IO.FileNotFoundException: Could not load file or assembly 'Microsoft.Bcl.AsyncInterfaces, Culture=neutral, PublicKeyToken=null'. The system cannot find the file specified.
File name: 'Microsoft.Bcl.AsyncInterfaces, Culture=neutral, PublicKeyToken=null'
   at System.Reflection.RuntimeAssembly.InternalLoad(AssemblyName assemblyName, StackCrawlMark& stackMark, AssemblyLoadContext assemblyLoadContext, RuntimeAssembly requestingAssembly, Boolean throwOnFileNotFound)
   at System.Reflection.Assembly.Load(AssemblyName assemblyRef)
   at Microsoft.VisualStudio.TestPlatform.Common.ExtensionFramework.TestPluginCache.CurrentDomainAssemblyResolve(Object sender, AssemblyResolveEventArgs args) in /_/src/Microsoft.TestPlatform.Common/ExtensionFramework/TestPluginCache.cs:line 514
   at System.Runtime.Loader.AssemblyLoadContext.GetFirstResolvedAssemblyFromResolvingEvent(AssemblyName assemblyName)
   at System.Runtime.Loader.AssemblyLoadContext.ResolveUsingEvent(AssemblyName assemblyName)
   at System.Runtime.Loader.AssemblyLoadContext.ResolveUsingResolvingEvent(IntPtr gchManagedAssemblyLoadContext, AssemblyName assemblyName)
System.IO.FileNotFoundException: Could not load file or assembly 'Microsoft.Bcl.AsyncInterfaces, Version=6.0.0.0, Culture=neutral, PublicKeyToken=cc7b13ffcd2ddd51'. The system cannot find the file specified.
File name: 'Microsoft.Bcl.AsyncInterfaces, Version=6.0.0.0, Culture=neutral, PublicKeyToken=cc7b13ffcd2ddd51'
TpTrace Warning: 0 : 25872, 2, 2025/09/22, 15:23:00.267, 8204478336102, vstest.console.dll, LoaderExceptions: System.IO.FileNotFoundException: Could not load file or assembly 'Microsoft.Bcl.AsyncInterfaces, Version=6.0.0.0, Culture=neutral, PublicKeyToken=cc7b13ffcd2ddd51'. The system cannot find the file specified.
File name: 'Microsoft.Bcl.AsyncInterfaces, Version=6.0.0.0, Culture=neutral, PublicKeyToken=cc7b13ffcd2ddd51'
 ---> System.IO.FileNotFoundException: Could not load file or assembly 'Microsoft.Bcl.AsyncInterfaces, Culture=neutral, PublicKeyToken=null'. The system cannot find the file specified.
File name: 'Microsoft.Bcl.AsyncInterfaces, Culture=neutral, PublicKeyToken=null'
   at System.Reflection.RuntimeAssembly.InternalLoad(AssemblyName assemblyName, StackCrawlMark& stackMark, AssemblyLoadContext assemblyLoadContext, RuntimeAssembly requestingAssembly, Boolean throwOnFileNotFound)
   at System.Reflection.Assembly.Load(AssemblyName assemblyRef)
   at Microsoft.VisualStudio.TestPlatform.Common.ExtensionFramework.TestPluginCache.CurrentDomainAssemblyResolve(Object sender, AssemblyResolveEventArgs args) in /_/src/Microsoft.TestPlatform.Common/ExtensionFramework/TestPluginCache.cs:line 514
   at System.Runtime.Loader.AssemblyLoadContext.GetFirstResolvedAssemblyFromResolvingEvent(AssemblyName assemblyName)
   at System.Runtime.Loader.AssemblyLoadContext.ResolveUsingEvent(AssemblyName assemblyName)
   at System.Runtime.Loader.AssemblyLoadContext.ResolveUsingResolvingEvent(IntPtr gchManagedAssemblyLoadContext, AssemblyName assemblyName)
TpTrace Warning: 0 : 25872, 2, 2025/09/22, 15:23:00.267, 8204478336582, vstest.console.dll, LoaderExceptions: System.IO.FileNotFoundException: Could not load file or assembly 'Microsoft.Bcl.AsyncInterfaces, Version=6.0.0.0, Culture=neutral, PublicKeyToken=cc7b13ffcd2ddd51'. The system cannot find the file specified.
File name: 'Microsoft.Bcl.AsyncInterfaces, Version=6.0.0.0, Culture=neutral, PublicKeyToken=cc7b13ffcd2ddd51'
TpTrace Information: 0 : 25872, 2, 2025/09/22, 15:23:00.267, 8204478337395, vstest.console.dll, AssemblyResolver.OnResolve: Microsoft.TestPlatform.Extensions.BlameDataCollector: Resolving assembly.
TpTrace Information: 0 : 25872, 2, 2025/09/22, 15:23:00.267, 8204478338062, vstest.console.dll, AssemblyResolver.OnResolve: Microsoft.TestPlatform.Extensions.BlameDataCollector: Searching in: 'C:\Program Files\dotnet\sdk\9.0.304\Extensions'.
TpTrace Information: 0 : 25872, 2, 2025/09/22, 15:23:00.267, 8204478341306, vstest.console.dll, AssemblyResolver.OnResolve: Microsoft.TestPlatform.Extensions.BlameDataCollector: Loading assembly 'C:\Program Files\dotnet\sdk\9.0.304\Extensions\Microsoft.TestPlatform.Extensions.BlameDataCollector.dll'.
TpTrace Information: 0 : 25872, 2, 2025/09/22, 15:23:00.268, 8204478344934, vstest.console.dll, AssemblyResolver.OnResolve: Resolved assembly: Microsoft.TestPlatform.Extensions.BlameDataCollector, from path: C:\Program Files\dotnet\sdk\9.0.304\Extensions\Microsoft.TestPlatform.Extensions.BlameDataCollector.dll
TpTrace Verbose: 0 : 25872, 2, 2025/09/22, 15:23:00.268, 8204478345522, vstest.console.dll, MetadataReaderExtensionsHelper: Discovering extensions inside assembly 'Microsoft.TestPlatform.Extensions.BlameDataCollector, Version=15.0.0.0, Culture=neutral, PublicKeyToken=b03f5f7f11d50a3a' file path 'C:\Program Files\dotnet\sdk\9.0.304\Extensions\Microsoft.TestPlatform.Extensions.BlameDataCollector.dll'
TpTrace Information: 0 : 25872, 2, 2025/09/22, 15:23:00.269, 8204478355051, vstest.console.dll, AssemblyResolver.OnResolve: Microsoft.TestPlatform.Extensions.EventLogCollector: Resolving assembly.
TpTrace Information: 0 : 25872, 2, 2025/09/22, 15:23:00.269, 8204478355463, vstest.console.dll, AssemblyResolver.OnResolve: Microsoft.TestPlatform.Extensions.EventLogCollector: Searching in: 'C:\Program Files\dotnet\sdk\9.0.304\Extensions'.
TpTrace Information: 0 : 25872, 2, 2025/09/22, 15:23:00.269, 8204478358298, vstest.console.dll, AssemblyResolver.OnResolve: Microsoft.TestPlatform.Extensions.EventLogCollector: Loading assembly 'C:\Program Files\dotnet\sdk\9.0.304\Extensions\Microsoft.TestPlatform.Extensions.EventLogCollector.dll'.
TpTrace Information: 0 : 25872, 2, 2025/09/22, 15:23:00.270, 8204478361492, vstest.console.dll, AssemblyResolver.OnResolve: Resolved assembly: Microsoft.TestPlatform.Extensions.EventLogCollector, from path: C:\Program Files\dotnet\sdk\9.0.304\Extensions\Microsoft.TestPlatform.Extensions.EventLogCollector.dll
TpTrace Verbose: 0 : 25872, 2, 2025/09/22, 15:23:00.270, 8204478361981, vstest.console.dll, MetadataReaderExtensionsHelper: Discovering extensions inside assembly 'Microsoft.TestPlatform.Extensions.EventLogCollector, Version=15.0.0.0, Culture=neutral, PublicKeyToken=b03f5f7f11d50a3a' file path 'C:\Program Files\dotnet\sdk\9.0.304\Extensions\Microsoft.TestPlatform.Extensions.EventLogCollector.dll'
TpTrace Information: 0 : 25872, 2, 2025/09/22, 15:23:00.271, 8204478377309, vstest.console.dll, AssemblyResolver.OnResolve: Microsoft.TestPlatform.TestHostRuntimeProvider: Resolving assembly.
TpTrace Information: 0 : 25872, 2, 2025/09/22, 15:23:00.271, 8204478377718, vstest.console.dll, AssemblyResolver.OnResolve: Microsoft.TestPlatform.TestHostRuntimeProvider: Searching in: 'C:\Program Files\dotnet\sdk\9.0.304\Extensions'.
TpTrace Information: 0 : 25872, 2, 2025/09/22, 15:23:00.271, 8204478380405, vstest.console.dll, AssemblyResolver.OnResolve: Microsoft.TestPlatform.TestHostRuntimeProvider: Loading assembly 'C:\Program Files\dotnet\sdk\9.0.304\Extensions\Microsoft.TestPlatform.TestHostRuntimeProvider.dll'.
TpTrace Information: 0 : 25872, 2, 2025/09/22, 15:23:00.272, 8204478383647, vstest.console.dll, AssemblyResolver.OnResolve: Resolved assembly: Microsoft.TestPlatform.TestHostRuntimeProvider, from path: C:\Program Files\dotnet\sdk\9.0.304\Extensions\Microsoft.TestPlatform.TestHostRuntimeProvider.dll
TpTrace Verbose: 0 : 25872, 2, 2025/09/22, 15:23:00.272, 8204478384116, vstest.console.dll, MetadataReaderExtensionsHelper: Discovering extensions inside assembly 'Microsoft.TestPlatform.TestHostRuntimeProvider, Version=15.0.0.0, Culture=neutral, PublicKeyToken=b03f5f7f11d50a3a' file path 'C:\Program Files\dotnet\sdk\9.0.304\Extensions\Microsoft.TestPlatform.TestHostRuntimeProvider.dll'
TpTrace Information: 0 : 25872, 2, 2025/09/22, 15:23:00.273, 8204478394923, vstest.console.dll, GetTestExtensionFromType: Register extension with identifier data 'HostProvider://DefaultTestHost' and type 'Microsoft.VisualStudio.TestPlatform.CrossPlatEngine.Hosting.DefaultTestHostManager, Microsoft.TestPlatform.TestHostRuntimeProvider, Version=15.0.0.0, Culture=neutral, PublicKeyToken=b03f5f7f11d50a3a' inside file 'C:\Program Files\dotnet\sdk\9.0.304\Extensions\Microsoft.TestPlatform.TestHostRuntimeProvider.dll'
TpTrace Information: 0 : 25872, 2, 2025/09/22, 15:23:00.273, 8204478396706, vstest.console.dll, GetTestExtensionFromType: Register extension with identifier data 'HostProvider://DotnetTestHost' and type 'Microsoft.VisualStudio.TestPlatform.CrossPlatEngine.Hosting.DotnetTestHostManager, Microsoft.TestPlatform.TestHostRuntimeProvider, Version=15.0.0.0, Culture=neutral, PublicKeyToken=b03f5f7f11d50a3a' inside file 'C:\Program Files\dotnet\sdk\9.0.304\Extensions\Microsoft.TestPlatform.TestHostRuntimeProvider.dll'
TpTrace Information: 0 : 25872, 2, 2025/09/22, 15:23:00.273, 8204478397281, vstest.console.dll, AssemblyResolver.OnResolve: Microsoft.VisualStudio.TestPlatform.Extensions.Html.TestLogger: Resolving assembly.
TpTrace Information: 0 : 25872, 2, 2025/09/22, 15:23:00.273, 8204478397555, vstest.console.dll, AssemblyResolver.OnResolve: Microsoft.VisualStudio.TestPlatform.Extensions.Html.TestLogger: Searching in: 'C:\Program Files\dotnet\sdk\9.0.304\Extensions'.
TpTrace Information: 0 : 25872, 2, 2025/09/22, 15:23:00.273, 8204478400402, vstest.console.dll, AssemblyResolver.OnResolve: Microsoft.VisualStudio.TestPlatform.Extensions.Html.TestLogger: Loading assembly 'C:\Program Files\dotnet\sdk\9.0.304\Extensions\Microsoft.VisualStudio.TestPlatform.Extensions.Html.TestLogger.dll'.
TpTrace Information: 0 : 25872, 2, 2025/09/22, 15:23:00.274, 8204478403750, vstest.console.dll, AssemblyResolver.OnResolve: Resolved assembly: Microsoft.VisualStudio.TestPlatform.Extensions.Html.TestLogger, from path: C:\Program Files\dotnet\sdk\9.0.304\Extensions\Microsoft.VisualStudio.TestPlatform.Extensions.Html.TestLogger.dll
TpTrace Verbose: 0 : 25872, 2, 2025/09/22, 15:23:00.274, 8204478404260, vstest.console.dll, MetadataReaderExtensionsHelper: Discovering extensions inside assembly 'Microsoft.VisualStudio.TestPlatform.Extensions.Html.TestLogger, Version=15.0.0.0, Culture=neutral, PublicKeyToken=b03f5f7f11d50a3a' file path 'C:\Program Files\dotnet\sdk\9.0.304\Extensions\Microsoft.VisualStudio.TestPlatform.Extensions.Html.TestLogger.dll'
TpTrace Information: 0 : 25872, 2, 2025/09/22, 15:23:00.274, 8204478409810, vstest.console.dll, AssemblyResolver.OnResolve: Microsoft.VisualStudio.TestPlatform.Extensions.Trx.TestLogger: Resolving assembly.
TpTrace Information: 0 : 25872, 2, 2025/09/22, 15:23:00.274, 8204478410206, vstest.console.dll, AssemblyResolver.OnResolve: Microsoft.VisualStudio.TestPlatform.Extensions.Trx.TestLogger: Searching in: 'C:\Program Files\dotnet\sdk\9.0.304\Extensions'.
TpTrace Information: 0 : 25872, 2, 2025/09/22, 15:23:00.275, 8204478413215, vstest.console.dll, AssemblyResolver.OnResolve: Microsoft.VisualStudio.TestPlatform.Extensions.Trx.TestLogger: Loading assembly 'C:\Program Files\dotnet\sdk\9.0.304\Extensions\Microsoft.VisualStudio.TestPlatform.Extensions.Trx.TestLogger.dll'.
TpTrace Information: 0 : 25872, 2, 2025/09/22, 15:23:00.275, 8204478416624, vstest.console.dll, AssemblyResolver.OnResolve: Resolved assembly: Microsoft.VisualStudio.TestPlatform.Extensions.Trx.TestLogger, from path: C:\Program Files\dotnet\sdk\9.0.304\Extensions\Microsoft.VisualStudio.TestPlatform.Extensions.Trx.TestLogger.dll
TpTrace Verbose: 0 : 25872, 2, 2025/09/22, 15:23:00.275, 8204478417091, vstest.console.dll, MetadataReaderExtensionsHelper: Discovering extensions inside assembly 'Microsoft.VisualStudio.TestPlatform.Extensions.Trx.TestLogger, Version=15.0.0.0, Culture=neutral, PublicKeyToken=b03f5f7f11d50a3a' file path 'C:\Program Files\dotnet\sdk\9.0.304\Extensions\Microsoft.VisualStudio.TestPlatform.Extensions.Trx.TestLogger.dll'
TpTrace Verbose: 0 : 25872, 2, 2025/09/22, 15:23:00.276, 8204478425192, vstest.console.dll, TestPluginCache: Discovered the extensions using extension path ''.
TpTrace Verbose: 0 : 25872, 2, 2025/09/22, 15:23:00.276, 8204478425757, vstest.console.dll, TestPluginCache: Discoverers are ''.
TpTrace Verbose: 0 : 25872, 2, 2025/09/22, 15:23:00.276, 8204478426006, vstest.console.dll, TestPluginCache: Executors are ''.
TpTrace Verbose: 0 : 25872, 2, 2025/09/22, 15:23:00.276, 8204478426224, vstest.console.dll, TestPluginCache: Executors2 are ''.
TpTrace Verbose: 0 : 25872, 2, 2025/09/22, 15:23:00.276, 8204478426422, vstest.console.dll, TestPluginCache: Setting providers are ''.
TpTrace Verbose: 0 : 25872, 2, 2025/09/22, 15:23:00.276, 8204478426619, vstest.console.dll, TestPluginCache: Loggers are ''.
TpTrace Verbose: 0 : 25872, 2, 2025/09/22, 15:23:00.276, 8204478427922, vstest.console.dll, TestPluginCache: TestHosts are 'HostProvider://DefaultTestHost,HostProvider://DotnetTestHost'.
TpTrace Verbose: 0 : 25872, 2, 2025/09/22, 15:23:00.276, 8204478428230, vstest.console.dll, TestPluginCache: DataCollectors are ''.
TpTrace Information: 0 : 25872, 2, 2025/09/22, 15:23:00.286, 8204478521654, vstest.console.dll, RunTestsArgumentProcessor:Execute: Test run is starting.
TpTrace Verbose: 0 : 25872, 2, 2025/09/22, 15:23:00.286, 8204478522303, vstest.console.dll, RunTestsArgumentProcessor:Execute: Queuing Test run.
TpTrace Information: 0 : 25872, 2, 2025/09/22, 15:23:00.286, 8204478523813, vstest.console.dll, TestRequestManager.RunTests: run tests started.
TpTrace Information: 0 : 25872, 2, 2025/09/22, 15:23:00.286, 8204478531014, vstest.console.dll, AssemblyMetadataProvider.GetFrameworkName: Determined framework:'.NETCoreApp,Version=v8.0' for source: 'D:\Automation\WWT-Automation\bin\Debug\net8.0\fine-code-coverage\build-output\WWT-Automation.dll'
TpTrace Information: 0 : 25872, 2, 2025/09/22, 15:23:00.287, 8204478531953, vstest.console.dll, Determined framework for all sources: .NETCoreApp,Version=v8.0
TpTrace Verbose: 0 : 25872, 2, 2025/09/22, 15:23:00.288, 8204478542486, vstest.console.dll, TestRequestManager.UpdateRunSettingsIfRequired: Default architecture: X64 IsDefaultTargetArchitecture: True, Current process architecture: X64 OperatingSystem: Windows.
TpTrace Information: 0 : 25872, 2, 2025/09/22, 15:23:00.289, 8204478552613, vstest.console.dll, AssemblyMetadataProvider.GetArchitecture: Determined architecture:AnyCPU info for assembly: D:\Automation\WWT-Automation\bin\Debug\net8.0\fine-code-coverage\build-output\WWT-Automation.dll
TpTrace Information: 0 : 25872, 2, 2025/09/22, 15:23:00.289, 8204478553133, vstest.console.dll, Determined platform for source 'D:\Automation\WWT-Automation\bin\Debug\net8.0\fine-code-coverage\build-output\WWT-Automation.dll' was AnyCPU and it will use the default plaform X64.
TpTrace Information: 0 : 25872, 2, 2025/09/22, 15:23:00.289, 8204478553375, vstest.console.dll, None of the sources provided any runnable platform, using the default platform: X64
TpTrace Information: 0 : 25872, 2, 2025/09/22, 15:23:00.289, 8204478553916, vstest.console.dll, Platform was updated to 'X64'.
TpTrace Information: 0 : 25872, 2, 2025/09/22, 15:23:00.291, 8204478574443, vstest.console.dll, InferRunSettingsHelper.IsTestSettingsEnabled: Unable to navigate to RunSettings/MSTest. Current node: RunSettings
TpTrace Information: 0 : 25872, 2, 2025/09/22, 15:23:00.291, 8204478578302, vstest.console.dll, AssemblyResolver.OnResolve: Microsoft.VisualStudio.TestPlatform.Fakes: Resolving assembly.
TpTrace Information: 0 : 25872, 2, 2025/09/22, 15:23:00.291, 8204478578701, vstest.console.dll, AssemblyResolver.OnResolve: Microsoft.VisualStudio.TestPlatform.Fakes: Searching in: 'C:\Program Files\dotnet\sdk\9.0.304\Extensions'.
TpTrace Information: 0 : 25872, 2, 2025/09/22, 15:23:00.291, 8204478579504, vstest.console.dll, AssemblyResolver.OnResolve: Microsoft.VisualStudio.TestPlatform.Fakes: Assembly path does not exist: 'C:\Program Files\dotnet\sdk\9.0.304\Extensions\Microsoft.VisualStudio.TestPlatform.Fakes.dll', returning.
TpTrace Information: 0 : 25872, 2, 2025/09/22, 15:23:00.291, 8204478580087, vstest.console.dll, AssemblyResolver.OnResolve: Microsoft.VisualStudio.TestPlatform.Fakes: Assembly path does not exist: 'C:\Program Files\dotnet\sdk\9.0.304\Extensions\Microsoft.VisualStudio.TestPlatform.Fakes.exe', returning.
TpTrace Information: 0 : 25872, 2, 2025/09/22, 15:23:00.291, 8204478580364, vstest.console.dll, AssemblyResolver.OnResolve: Microsoft.VisualStudio.TestPlatform.Fakes: Searching in: 'C:\Program Files\dotnet\sdk\9.0.304'.
TpTrace Information: 0 : 25872, 2, 2025/09/22, 15:23:00.291, 8204478580892, vstest.console.dll, AssemblyResolver.OnResolve: Microsoft.VisualStudio.TestPlatform.Fakes: Assembly path does not exist: 'C:\Program Files\dotnet\sdk\9.0.304\Microsoft.VisualStudio.TestPlatform.Fakes.dll', returning.
TpTrace Information: 0 : 25872, 2, 2025/09/22, 15:23:00.292, 8204478581455, vstest.console.dll, AssemblyResolver.OnResolve: Microsoft.VisualStudio.TestPlatform.Fakes: Assembly path does not exist: 'C:\Program Files\dotnet\sdk\9.0.304\Microsoft.VisualStudio.TestPlatform.Fakes.exe', returning.
TpTrace Information: 0 : 25872, 2, 2025/09/22, 15:23:00.292, 8204478581704, vstest.console.dll, AssemblyResolver.OnResolve: Microsoft.VisualStudio.TestPlatform.Fakes: Failed to load assembly.
TpTrace Information: 0 : 25872, 2, 2025/09/22, 15:23:00.292, 8204478583467, vstest.console.dll, Failed to load assembly Microsoft.VisualStudio.TestPlatform.Fakes, Version=17.0.0.0, Culture=neutral. Reason:System.IO.FileNotFoundException: Could not load file or assembly 'Microsoft.VisualStudio.TestPlatform.Fakes, Version=17.0.0.0, Culture=neutral, PublicKeyToken=null'. The system cannot find the file specified.
File name: 'Microsoft.VisualStudio.TestPlatform.Fakes, Version=17.0.0.0, Culture=neutral, PublicKeyToken=null'
   at System.Reflection.RuntimeAssembly.InternalLoad(AssemblyName assemblyName, StackCrawlMark& stackMark, AssemblyLoadContext assemblyLoadContext, RuntimeAssembly requestingAssembly, Boolean throwOnFileNotFound)
   at System.Reflection.Assembly.Load(AssemblyName assemblyRef)
   at Microsoft.VisualStudio.TestPlatform.Common.Utilities.FakesUtilities.LoadTestPlatformAssembly() in /_/src/Microsoft.TestPlatform.Common/Utilities/FakesUtilities.cs:line 273
TpTrace Verbose: 0 : 25872, 2, 2025/09/22, 15:23:00.294, 8204478602196, vstest.console.dll, TestPluginCache.DiscoverTestExtensions: finding test extensions in assemblies ends with: TestLogger.dll TPluginInfo: Microsoft.VisualStudio.TestPlatform.Common.ExtensionFramework.Utilities.TestLoggerPluginInformation TExtension: Microsoft.VisualStudio.TestPlatform.ObjectModel.Client.ITestLogger
TpTrace Verbose: 0 : 25872, 2, 2025/09/22, 15:23:00.294, 8204478602776, vstest.console.dll, TestPluginCache.GetExtensionPaths: Filtered extension paths: 
TpTrace Verbose: 0 : 25872, 2, 2025/09/22, 15:23:00.294, 8204478603133, vstest.console.dll, TestPluginCache.GetExtensionPaths: Added default extension paths: C:\Program Files\dotnet\sdk\9.0.304\Extensions\Microsoft.Diagnostics.NETCore.Client.dll
C:\Program Files\dotnet\sdk\9.0.304\Extensions\Microsoft.TestPlatform.Extensions.BlameDataCollector.dll
C:\Program Files\dotnet\sdk\9.0.304\Extensions\Microsoft.TestPlatform.Extensions.EventLogCollector.dll
C:\Program Files\dotnet\sdk\9.0.304\Extensions\Microsoft.TestPlatform.TestHostRuntimeProvider.dll
C:\Program Files\dotnet\sdk\9.0.304\Extensions\Microsoft.VisualStudio.TestPlatform.Extensions.Html.TestLogger.dll
C:\Program Files\dotnet\sdk\9.0.304\Extensions\Microsoft.VisualStudio.TestPlatform.Extensions.Trx.TestLogger.dll
TpTrace Verbose: 0 : 25872, 2, 2025/09/22, 15:23:00.294, 8204478603368, vstest.console.dll, TestPluginCache.GetExtensionPaths: Added unfilterableExtensionPaths: 
TpTrace Information: 0 : 25872, 2, 2025/09/22, 15:23:00.294, 8204478604248, vstest.console.dll, AssemblyResolver.AddSearchDirectories: Adding more searchDirectories C:\Program Files\dotnet\sdk\9.0.304\Extensions,C:\Program Files\dotnet\sdk\9.0.304
TpTrace Verbose: 0 : 25872, 2, 2025/09/22, 15:23:00.294, 8204478604597, vstest.console.dll, TestPluginCache.DiscoverTestExtensions: Discovering the extensions using extension path.
TpTrace Verbose: 0 : 25872, 2, 2025/09/22, 15:23:00.294, 8204478604901, vstest.console.dll, TestPluginCache.GetExtensionPaths: Filtered extension paths: 
TpTrace Verbose: 0 : 25872, 2, 2025/09/22, 15:23:00.294, 8204478605168, vstest.console.dll, TestPluginCache.GetExtensionPaths: Added default extension paths: C:\Program Files\dotnet\sdk\9.0.304\Extensions\Microsoft.Diagnostics.NETCore.Client.dll
C:\Program Files\dotnet\sdk\9.0.304\Extensions\Microsoft.TestPlatform.Extensions.BlameDataCollector.dll
C:\Program Files\dotnet\sdk\9.0.304\Extensions\Microsoft.TestPlatform.Extensions.EventLogCollector.dll
C:\Program Files\dotnet\sdk\9.0.304\Extensions\Microsoft.TestPlatform.TestHostRuntimeProvider.dll
C:\Program Files\dotnet\sdk\9.0.304\Extensions\Microsoft.VisualStudio.TestPlatform.Extensions.Html.TestLogger.dll
C:\Program Files\dotnet\sdk\9.0.304\Extensions\Microsoft.VisualStudio.TestPlatform.Extensions.Trx.TestLogger.dll
TpTrace Verbose: 0 : 25872, 2, 2025/09/22, 15:23:00.294, 8204478605402, vstest.console.dll, TestPluginCache.GetExtensionPaths: Added unfilterableExtensionPaths: 
TpTrace Verbose: 0 : 25872, 2, 2025/09/22, 15:23:00.294, 8204478605651, vstest.console.dll, TestPluginCache.DiscoverTestExtensions: Discovering the extensions using allExtensionPaths: C:\Program Files\dotnet\sdk\9.0.304\Extensions\Microsoft.Diagnostics.NETCore.Client.dll
C:\Program Files\dotnet\sdk\9.0.304\Extensions\Microsoft.TestPlatform.Extensions.BlameDataCollector.dll
C:\Program Files\dotnet\sdk\9.0.304\Extensions\Microsoft.TestPlatform.Extensions.EventLogCollector.dll
C:\Program Files\dotnet\sdk\9.0.304\Extensions\Microsoft.TestPlatform.TestHostRuntimeProvider.dll
C:\Program Files\dotnet\sdk\9.0.304\Extensions\Microsoft.VisualStudio.TestPlatform.Extensions.Html.TestLogger.dll
C:\Program Files\dotnet\sdk\9.0.304\Extensions\Microsoft.VisualStudio.TestPlatform.Extensions.Trx.TestLogger.dll
TpTrace Information: 0 : 25872, 2, 2025/09/22, 15:23:00.294, 8204478605980, vstest.console.dll, AssemblyResolver.AddSearchDirectories: Adding more searchDirectories C:\Program Files\dotnet\sdk\9.0.304\Extensions,C:\Program Files\dotnet\sdk\9.0.304
TpTrace Information: 0 : 25872, 2, 2025/09/22, 15:23:00.294, 8204478606300, vstest.console.dll, AssemblyResolver.AddSearchDirectories: Adding more searchDirectories C:\Program Files\dotnet\sdk\9.0.304\Extensions,C:\Program Files\dotnet\sdk\9.0.304
TpTrace Information: 0 : 25872, 2, 2025/09/22, 15:23:00.294, 8204478606551, vstest.console.dll, AssemblyResolver.AddSearchDirectories: Adding more searchDirectories C:\Program Files\dotnet\sdk\9.0.304\Extensions,C:\Program Files\dotnet\sdk\9.0.304
TpTrace Information: 0 : 25872, 2, 2025/09/22, 15:23:00.294, 8204478606781, vstest.console.dll, AssemblyResolver.AddSearchDirectories: Adding more searchDirectories C:\Program Files\dotnet\sdk\9.0.304\Extensions,C:\Program Files\dotnet\sdk\9.0.304
TpTrace Information: 0 : 25872, 2, 2025/09/22, 15:23:00.294, 8204478607012, vstest.console.dll, AssemblyResolver.AddSearchDirectories: Adding more searchDirectories C:\Program Files\dotnet\sdk\9.0.304\Extensions,C:\Program Files\dotnet\sdk\9.0.304
TpTrace Information: 0 : 25872, 2, 2025/09/22, 15:23:00.294, 8204478607295, vstest.console.dll, AssemblyResolver.AddSearchDirectories: Adding more searchDirectories C:\Program Files\dotnet\sdk\9.0.304\Extensions,C:\Program Files\dotnet\sdk\9.0.304
TpTrace Verbose: 0 : 25872, 2, 2025/09/22, 15:23:00.294, 8204478607954, vstest.console.dll, MetadataReaderExtensionsHelper: Discovering extensions inside assembly 'Microsoft.Diagnostics.NETCore.Client, Version=0.2.12.17301, Culture=neutral, PublicKeyToken=31bf3856ad364e35' file path 'C:\Program Files\dotnet\sdk\9.0.304\Extensions\Microsoft.Diagnostics.NETCore.Client.dll'
TpTrace Information: 0 : 25872, 2, 2025/09/22, 15:23:00.295, 8204478614656, vstest.console.dll, AssemblyResolver.OnResolve: Microsoft.Bcl.AsyncInterfaces: Resolving assembly.
TpTrace Information: 0 : 25872, 2, 2025/09/22, 15:23:00.295, 8204478615027, vstest.console.dll, AssemblyResolver.OnResolve: Microsoft.Bcl.AsyncInterfaces: Resolved from cache.
TpTrace Verbose: 0 : 25872, 2, 2025/09/22, 15:23:00.295, 8204478615279, vstest.console.dll, CurrentDomainAssemblyResolve: Resolving assembly 'Microsoft.Bcl.AsyncInterfaces'.
TpTrace Information: 0 : 25872, 2, 2025/09/22, 15:23:00.295, 8204478615611, vstest.console.dll, AssemblyResolver.OnResolve: Microsoft.Bcl.AsyncInterfaces: Resolving assembly.
TpTrace Information: 0 : 25872, 2, 2025/09/22, 15:23:00.295, 8204478615888, vstest.console.dll, AssemblyResolver.OnResolve: Microsoft.Bcl.AsyncInterfaces: Resolved from cache.
TpTrace Verbose: 0 : 25872, 2, 2025/09/22, 15:23:00.295, 8204478616099, vstest.console.dll, CurrentDomainAssemblyResolve: Resolving assembly 'Microsoft.Bcl.AsyncInterfaces'.
TpTrace Verbose: 0 : 25872, 2, 2025/09/22, 15:23:00.295, 8204478616301, vstest.console.dll, CurrentDomainAssemblyResolve: Failed to resolve assembly 'Microsoft.Bcl.AsyncInterfaces'.
TpTrace Verbose: 0 : 25872, 2, 2025/09/22, 15:23:00.295, 8204478617201, vstest.console.dll, CurrentDomainAssemblyResolve: Failed to resolve assembly 'Microsoft.Bcl.AsyncInterfaces'.
TpTrace Information: 0 : 25872, 2, 2025/09/22, 15:23:00.295, 8204478618467, vstest.console.dll, AssemblyResolver.OnResolve: Microsoft.Bcl.AsyncInterfaces: Resolving assembly.
TpTrace Information: 0 : 25872, 2, 2025/09/22, 15:23:00.295, 8204478618754, vstest.console.dll, AssemblyResolver.OnResolve: Microsoft.Bcl.AsyncInterfaces: Resolved from cache.
TpTrace Verbose: 0 : 25872, 2, 2025/09/22, 15:23:00.295, 8204478619038, vstest.console.dll, CurrentDomainAssemblyResolve: Resolving assembly 'Microsoft.Bcl.AsyncInterfaces'.
TpTrace Verbose: 0 : 25872, 2, 2025/09/22, 15:23:00.295, 8204478619259, vstest.console.dll, CurrentDomainAssemblyResolve: Failed to resolve assembly 'Microsoft.Bcl.AsyncInterfaces'.
TpTrace Warning: 0 : 25872, 2, 2025/09/22, 15:23:00.295, 8204478621291, vstest.console.dll, TestPluginDiscoverer: Failed to get types from assembly 'Microsoft.Diagnostics.NETCore.Client, Version=0.2.12.17301, Culture=neutral, PublicKeyToken=31bf3856ad364e35'. Error: System.Reflection.ReflectionTypeLoadException: Unable to load one or more of the requested types.
Could not load file or assembly 'Microsoft.Bcl.AsyncInterfaces, Version=6.0.0.0, Culture=neutral, PublicKeyToken=cc7b13ffcd2ddd51'. The system cannot find the file specified.
Could not load file or assembly 'Microsoft.Bcl.AsyncInterfaces, Version=6.0.0.0, Culture=neutral, PublicKeyToken=cc7b13ffcd2ddd51'. The system cannot find the file specified.
   at System.Reflection.RuntimeModule.GetDefinedTypes()
   at System.Reflection.RuntimeModule.GetTypes()
   at Microsoft.VisualStudio.TestPlatform.Common.ExtensionFramework.TestPluginDiscoverer.GetTestExtensionsFromAssembly[TPluginInfo,TExtension](Assembly assembly, Dictionary`2 pluginInfos, String filePath) in /_/src/Microsoft.TestPlatform.Common/ExtensionFramework/TestPluginDiscoverer.cs:line 159
System.IO.FileNotFoundException: Could not load file or assembly 'Microsoft.Bcl.AsyncInterfaces, Version=6.0.0.0, Culture=neutral, PublicKeyToken=cc7b13ffcd2ddd51'. The system cannot find the file specified.
File name: 'Microsoft.Bcl.AsyncInterfaces, Version=6.0.0.0, Culture=neutral, PublicKeyToken=cc7b13ffcd2ddd51'
 ---> System.IO.FileNotFoundException: Could not load file or assembly 'Microsoft.Bcl.AsyncInterfaces, Culture=neutral, PublicKeyToken=null'. The system cannot find the file specified.
File name: 'Microsoft.Bcl.AsyncInterfaces, Culture=neutral, PublicKeyToken=null'
   at System.Reflection.RuntimeAssembly.InternalLoad(AssemblyName assemblyName, StackCrawlMark& stackMark, AssemblyLoadContext assemblyLoadContext, RuntimeAssembly requestingAssembly, Boolean throwOnFileNotFound)
   at System.Reflection.Assembly.Load(AssemblyName assemblyRef)
   at Microsoft.VisualStudio.TestPlatform.Common.ExtensionFramework.TestPluginCache.CurrentDomainAssemblyResolve(Object sender, AssemblyResolveEventArgs args) in /_/src/Microsoft.TestPlatform.Common/ExtensionFramework/TestPluginCache.cs:line 514
   at System.Runtime.Loader.AssemblyLoadContext.GetFirstResolvedAssemblyFromResolvingEvent(AssemblyName assemblyName)
   at System.Runtime.Loader.AssemblyLoadContext.ResolveUsingEvent(AssemblyName assemblyName)
   at System.Runtime.Loader.AssemblyLoadContext.ResolveUsingResolvingEvent(IntPtr gchManagedAssemblyLoadContext, AssemblyName assemblyName)
System.IO.FileNotFoundException: Could not load file or assembly 'Microsoft.Bcl.AsyncInterfaces, Version=6.0.0.0, Culture=neutral, PublicKeyToken=cc7b13ffcd2ddd51'. The system cannot find the file specified.
File name: 'Microsoft.Bcl.AsyncInterfaces, Version=6.0.0.0, Culture=neutral, PublicKeyToken=cc7b13ffcd2ddd51'
TpTrace Warning: 0 : 25872, 2, 2025/09/22, 15:23:00.296, 8204478622472, vstest.console.dll, LoaderExceptions: System.IO.FileNotFoundException: Could not load file or assembly 'Microsoft.Bcl.AsyncInterfaces, Version=6.0.0.0, Culture=neutral, PublicKeyToken=cc7b13ffcd2ddd51'. The system cannot find the file specified.
File name: 'Microsoft.Bcl.AsyncInterfaces, Version=6.0.0.0, Culture=neutral, PublicKeyToken=cc7b13ffcd2ddd51'
 ---> System.IO.FileNotFoundException: Could not load file or assembly 'Microsoft.Bcl.AsyncInterfaces, Culture=neutral, PublicKeyToken=null'. The system cannot find the file specified.
File name: 'Microsoft.Bcl.AsyncInterfaces, Culture=neutral, PublicKeyToken=null'
   at System.Reflection.RuntimeAssembly.InternalLoad(AssemblyName assemblyName, StackCrawlMark& stackMark, AssemblyLoadContext assemblyLoadContext, RuntimeAssembly requestingAssembly, Boolean throwOnFileNotFound)
   at System.Reflection.Assembly.Load(AssemblyName assemblyRef)
   at Microsoft.VisualStudio.TestPlatform.Common.ExtensionFramework.TestPluginCache.CurrentDomainAssemblyResolve(Object sender, AssemblyResolveEventArgs args) in /_/src/Microsoft.TestPlatform.Common/ExtensionFramework/TestPluginCache.cs:line 514
   at System.Runtime.Loader.AssemblyLoadContext.GetFirstResolvedAssemblyFromResolvingEvent(AssemblyName assemblyName)
   at System.Runtime.Loader.AssemblyLoadContext.ResolveUsingEvent(AssemblyName assemblyName)
   at System.Runtime.Loader.AssemblyLoadContext.ResolveUsingResolvingEvent(IntPtr gchManagedAssemblyLoadContext, AssemblyName assemblyName)
TpTrace Warning: 0 : 25872, 2, 2025/09/22, 15:23:00.296, 8204478622911, vstest.console.dll, LoaderExceptions: System.IO.FileNotFoundException: Could not load file or assembly 'Microsoft.Bcl.AsyncInterfaces, Version=6.0.0.0, Culture=neutral, PublicKeyToken=cc7b13ffcd2ddd51'. The system cannot find the file specified.
File name: 'Microsoft.Bcl.AsyncInterfaces, Version=6.0.0.0, Culture=neutral, PublicKeyToken=cc7b13ffcd2ddd51'
TpTrace Verbose: 0 : 25872, 2, 2025/09/22, 15:23:00.296, 8204478623444, vstest.console.dll, MetadataReaderExtensionsHelper: Discovering extensions inside assembly 'Microsoft.TestPlatform.Extensions.BlameDataCollector, Version=15.0.0.0, Culture=neutral, PublicKeyToken=b03f5f7f11d50a3a' file path 'C:\Program Files\dotnet\sdk\9.0.304\Extensions\Microsoft.TestPlatform.Extensions.BlameDataCollector.dll'
TpTrace Information: 0 : 25872, 2, 2025/09/22, 15:23:00.296, 8204478627237, vstest.console.dll, GetTestExtensionFromType: Register extension with identifier data 'logger://Microsoft/TestPlatform/Extensions/Blame/v1' and type 'Microsoft.TestPlatform.Extensions.BlameDataCollector.BlameLogger, Microsoft.TestPlatform.Extensions.BlameDataCollector, Version=15.0.0.0, Culture=neutral, PublicKeyToken=b03f5f7f11d50a3a' inside file 'C:\Program Files\dotnet\sdk\9.0.304\Extensions\Microsoft.TestPlatform.Extensions.BlameDataCollector.dll'
TpTrace Verbose: 0 : 25872, 2, 2025/09/22, 15:23:00.296, 8204478627710, vstest.console.dll, MetadataReaderExtensionsHelper: Discovering extensions inside assembly 'Microsoft.TestPlatform.Extensions.EventLogCollector, Version=15.0.0.0, Culture=neutral, PublicKeyToken=b03f5f7f11d50a3a' file path 'C:\Program Files\dotnet\sdk\9.0.304\Extensions\Microsoft.TestPlatform.Extensions.EventLogCollector.dll'
TpTrace Verbose: 0 : 25872, 2, 2025/09/22, 15:23:00.296, 8204478630520, vstest.console.dll, MetadataReaderExtensionsHelper: Discovering extensions inside assembly 'Microsoft.TestPlatform.TestHostRuntimeProvider, Version=15.0.0.0, Culture=neutral, PublicKeyToken=b03f5f7f11d50a3a' file path 'C:\Program Files\dotnet\sdk\9.0.304\Extensions\Microsoft.TestPlatform.TestHostRuntimeProvider.dll'
TpTrace Verbose: 0 : 25872, 2, 2025/09/22, 15:23:00.297, 8204478633494, vstest.console.dll, MetadataReaderExtensionsHelper: Discovering extensions inside assembly 'Microsoft.VisualStudio.TestPlatform.Extensions.Html.TestLogger, Version=15.0.0.0, Culture=neutral, PublicKeyToken=b03f5f7f11d50a3a' file path 'C:\Program Files\dotnet\sdk\9.0.304\Extensions\Microsoft.VisualStudio.TestPlatform.Extensions.Html.TestLogger.dll'
TpTrace Information: 0 : 25872, 2, 2025/09/22, 15:23:00.297, 8204478637773, vstest.console.dll, GetTestExtensionFromType: Register extension with identifier data 'logger://Microsoft/TestPlatform/HtmlLogger/v1' and type 'Microsoft.VisualStudio.TestPlatform.Extensions.HtmlLogger.HtmlLogger, Microsoft.VisualStudio.TestPlatform.Extensions.Html.TestLogger, Version=15.0.0.0, Culture=neutral, PublicKeyToken=b03f5f7f11d50a3a' inside file 'C:\Program Files\dotnet\sdk\9.0.304\Extensions\Microsoft.VisualStudio.TestPlatform.Extensions.Html.TestLogger.dll'
TpTrace Verbose: 0 : 25872, 2, 2025/09/22, 15:23:00.297, 8204478638308, vstest.console.dll, MetadataReaderExtensionsHelper: Discovering extensions inside assembly 'Microsoft.VisualStudio.TestPlatform.Extensions.Trx.TestLogger, Version=15.0.0.0, Culture=neutral, PublicKeyToken=b03f5f7f11d50a3a' file path 'C:\Program Files\dotnet\sdk\9.0.304\Extensions\Microsoft.VisualStudio.TestPlatform.Extensions.Trx.TestLogger.dll'
TpTrace Information: 0 : 25872, 2, 2025/09/22, 15:23:00.298, 8204478641537, vstest.console.dll, GetTestExtensionFromType: Register extension with identifier data 'logger://Microsoft/TestPlatform/TrxLogger/v1' and type 'Microsoft.VisualStudio.TestPlatform.Extensions.TrxLogger.TrxLogger, Microsoft.VisualStudio.TestPlatform.Extensions.Trx.TestLogger, Version=15.0.0.0, Culture=neutral, PublicKeyToken=b03f5f7f11d50a3a' inside file 'C:\Program Files\dotnet\sdk\9.0.304\Extensions\Microsoft.VisualStudio.TestPlatform.Extensions.Trx.TestLogger.dll'
TpTrace Verbose: 0 : 25872, 2, 2025/09/22, 15:23:00.298, 8204478642033, vstest.console.dll, TestPluginCache: Discovered the extensions using extension path ''.
TpTrace Verbose: 0 : 25872, 2, 2025/09/22, 15:23:00.298, 8204478642280, vstest.console.dll, TestPluginCache: Discoverers are ''.
TpTrace Verbose: 0 : 25872, 2, 2025/09/22, 15:23:00.298, 8204478642484, vstest.console.dll, TestPluginCache: Executors are ''.
TpTrace Verbose: 0 : 25872, 2, 2025/09/22, 15:23:00.298, 8204478642678, vstest.console.dll, TestPluginCache: Executors2 are ''.
TpTrace Verbose: 0 : 25872, 2, 2025/09/22, 15:23:00.298, 8204478642871, vstest.console.dll, TestPluginCache: Setting providers are ''.
TpTrace Verbose: 0 : 25872, 2, 2025/09/22, 15:23:00.298, 8204478643429, vstest.console.dll, TestPluginCache: Loggers are 'logger://Microsoft/TestPlatform/Extensions/Blame/v1,logger://Microsoft/TestPlatform/HtmlLogger/v1,logger://Microsoft/TestPlatform/TrxLogger/v1'.
TpTrace Verbose: 0 : 25872, 2, 2025/09/22, 15:23:00.298, 8204478643791, vstest.console.dll, TestPluginCache: TestHosts are 'HostProvider://DefaultTestHost,HostProvider://DotnetTestHost'.
TpTrace Verbose: 0 : 25872, 2, 2025/09/22, 15:23:00.298, 8204478644016, vstest.console.dll, TestPluginCache: DataCollectors are ''.
TpTrace Information: 0 : 25872, 2, 2025/09/22, 15:23:00.298, 8204478649102, vstest.console.dll, TestPluginManager.CreateTestExtension: Attempting to load test extension: Microsoft.TestPlatform.Extensions.BlameDataCollector.BlameLogger
TpTrace Verbose: 0 : 25872, 2, 2025/09/22, 15:23:00.304, 8204478708286, vstest.console.dll, TestEngine: Initializing Parallel Execution as MaxCpuCount is set to: 1
TpTrace Information: 0 : 25872, 2, 2025/09/22, 15:23:00.305, 8204478718307, vstest.console.dll, TestPluginManager.CreateTestExtension: Attempting to load test extension: Microsoft.VisualStudio.TestPlatform.CrossPlatEngine.Hosting.DefaultTestHostManager
TpTrace Information: 0 : 25872, 2, 2025/09/22, 15:23:00.306, 8204478724788, vstest.console.dll, TestPluginManager.CreateTestExtension: Attempting to load test extension: Microsoft.VisualStudio.TestPlatform.CrossPlatEngine.Hosting.DotnetTestHostManager
TpTrace Verbose: 0 : 25872, 2, 2025/09/22, 15:23:00.306, 8204478726492, vstest.console.dll, TestHostManagerCallbacks.ctor: Forwarding output is enabled.
TpTrace Information: 0 : 25872, 2, 2025/09/22, 15:23:00.306, 8204478729098, vstest.console.dll, InferRunSettingsHelper.IsTestSettingsEnabled: Unable to navigate to RunSettings/MSTest. Current node: RunSettings
TpTrace Verbose: 0 : 25872, 2, 2025/09/22, 15:23:00.307, 8204478733380, vstest.console.dll, ParallelOperationManager.ClearSlots: Clearing all slots. Slots should accept more work: True
TpTrace Verbose: 0 : 25872, 2, 2025/09/22, 15:23:00.307, 8204478737129, vstest.console.dll, ParallelOperationManager.SetOccupiedSlotCount: Setting slot counts AvailableSlotCount = 1, OccupiedSlotCount = 0.
TpTrace Verbose: 0 : 25872, 2, 2025/09/22, 15:23:00.307, 8204478740124, vstest.console.dll, Occupied slots:

TpTrace Verbose: 0 : 25872, 2, 2025/09/22, 15:23:00.310, 8204478763201, vstest.console.dll, TestEngine.GetExecutionManager: Chosen execution manager 'Microsoft.VisualStudio.TestPlatform.CrossPlatEngine.Client.Parallel.ParallelProxyExecutionManager, Microsoft.TestPlatform.CrossPlatEngine, Version=15.0.0.0, Culture=neutral, PublicKeyToken=b03f5f7f11d50a3a' ParallelLevel '1'.
TpTrace Verbose: 0 : 25872, 2, 2025/09/22, 15:23:00.310, 8204478764252, vstest.console.dll, TestPlatform.GetSkipDefaultAdapters: Not skipping default adapters SkipDefaultAdapters was false.
TpTrace Verbose: 0 : 25872, 2, 2025/09/22, 15:23:00.310, 8204478764912, vstest.console.dll, TestRunRequest.ExecuteAsync: Creating test run request.
TpTrace Verbose: 0 : 25872, 2, 2025/09/22, 15:23:00.310, 8204478766884, vstest.console.dll, TestRunRequest.ExecuteAsync: Starting.
TpTrace Information: 0 : 25872, 2, 2025/09/22, 15:23:00.311, 8204478774956, vstest.console.dll, TestRunRequest.ExecuteAsync: Starting run with settings:TestRunCriteria:
   KeepAlive=False,FrequencyOfRunStatsChangeEvent=10,RunStatsChangeEventTimeout=00:00:01.5000000,TestCaseFilter=,TestExecutorLauncher=
   Settingsxml=<RunSettings>
  <RunConfiguration>
    <ResultsDirectory>D:\Automation\WWT-Automation\bin\Debug\net8.0\fine-code-coverage\coverage-tool-output</ResultsDirectory>
    <TargetPlatform>X64</TargetPlatform>
    <TargetFrameworkVersion>.NETCoreApp,Version=v8.0</TargetFrameworkVersion>
    <DesignMode>False</DesignMode>
    <CollectSourceInformation>False</CollectSourceInformation>
  </RunConfiguration>
  <LoggerRunSettings>
    <Loggers>
      <Logger friendlyName="blame" enabled="True" />
      <Logger friendlyName="Console" uri="logger://microsoft/TestPlatform/ConsoleLogger/v1" assemblyQualifiedName="Microsoft.VisualStudio.TestPlatform.CommandLine.Internal.ConsoleLogger, vstest.console, Version=15.0.0.0, Culture=neutral, PublicKeyToken=b03f5f7f11d50a3a" codeBase="C:\Program Files\dotnet\sdk\9.0.304\vstest.console.dll" enabled="True" />
    </Loggers>
  </LoggerRunSettings>
  <DataCollectionRunSettings>
    <DataCollectors>
      <DataCollector friendlyName="blame" enabled="True">
        <Configuration>
          <ResultsDirectory>D:\Automation\WWT-Automation\bin\Debug\net8.0\fine-code-coverage\coverage-tool-output</ResultsDirectory>
        </Configuration>
      </DataCollector>
    </DataCollectors>
  </DataCollectionRunSettings>
</RunSettings>

TpTrace Verbose: 0 : 25872, 2, 2025/09/22, 15:23:00.311, 8204478775417, vstest.console.dll, TestRunRequest.ExecuteAsync: Wait for the first run request is over.
TpTrace Verbose: 0 : 25872, 2, 2025/09/22, 15:23:00.311, 8204478777350, vstest.console.dll, MulticastDelegateUtilities.SafeInvoke: TestRun.TestRunStart: Invoking callbacks was skipped because there are no subscribers.
TpTrace Verbose: 0 : 25872, 4, 2025/09/22, 15:23:00.311, 8204478778722, vstest.console.dll, MulticastDelegateUtilities.SafeInvoke: InternalTestLoggerEvents.SendTestRunStart: Invoking callback 1/1 for Microsoft.VisualStudio.TestPlatform.CommandLine.Internal.ConsoleLogger., took 0 ms.
TpTrace Verbose: 0 : 25872, 2, 2025/09/22, 15:23:00.312, 8204478785474, vstest.console.dll, ParallelProxyExecutionManager: Start execution. Total sources: 1
TpTrace Verbose: 0 : 25872, 2, 2025/09/22, 15:23:00.312, 8204478787872, vstest.console.dll, ParallelOperationManager.StartWork: Starting adding 1 workloads.
TpTrace Verbose: 0 : 25872, 2, 2025/09/22, 15:23:00.312, 8204478788387, vstest.console.dll, ParallelOperationManager.ClearSlots: Clearing all slots. Slots should accept more work: True
TpTrace Verbose: 0 : 25872, 2, 2025/09/22, 15:23:00.312, 8204478788898, vstest.console.dll, ParallelOperationManager.SetOccupiedSlotCount: Setting slot counts AvailableSlotCount = 1, OccupiedSlotCount = 0.
TpTrace Verbose: 0 : 25872, 2, 2025/09/22, 15:23:00.312, 8204478789181, vstest.console.dll, Occupied slots:

TpTrace Verbose: 0 : 25872, 2, 2025/09/22, 15:23:00.313, 8204478797319, vstest.console.dll, TestHostManagerCallbacks.ctor: Forwarding output is enabled.
TpTrace Verbose: 0 : 25872, 2, 2025/09/22, 15:23:00.313, 8204478798847, vstest.console.dll, TestRequestSender is acting as server.
TpTrace Verbose: 0 : 25872, 2, 2025/09/22, 15:23:00.314, 8204478807387, vstest.console.dll, ParallelOperationManager.RunWorkInParallel: Adding 1 workload to slot, remaining workloads 0.
TpTrace Verbose: 0 : 25872, 2, 2025/09/22, 15:23:00.314, 8204478807820, vstest.console.dll, ParallelOperationManager.SetOccupiedSlotCount: Setting slot counts AvailableSlotCount = 0, OccupiedSlotCount = 1.
TpTrace Verbose: 0 : 25872, 2, 2025/09/22, 15:23:00.314, 8204478808570, vstest.console.dll, Occupied slots:
0: D:\Automation\WWT-Automation\bin\Debug\net8.0\fine-code-coverage\build-output\WWT-Automation.dll
TpTrace Verbose: 0 : 25872, 2, 2025/09/22, 15:23:00.315, 8204478817579, vstest.console.dll, ParallelOperationManager.RunWorkInParallel: Started host in slot number 0 for work (source): D:\Automation\WWT-Automation\bin\Debug\net8.0\fine-code-coverage\build-output\WWT-Automation.dll.
TpTrace Verbose: 0 : 25872, 2, 2025/09/22, 15:23:00.316, 8204478822304, vstest.console.dll, ParallelOperationManager.RunWorkInParallel: We started 1 work items, which is the max parallel level. Won't start more work.
TpTrace Verbose: 0 : 25872, 2, 2025/09/22, 15:23:00.316, 8204478822676, vstest.console.dll, ParallelOperationManager.RunWorkInParallel: We started 1 work items in here, returning True.
TpTrace Verbose: 0 : 25872, 5, 2025/09/22, 15:23:00.316, 8204478822841, vstest.console.dll, ParallelProxyExecutionManager.StartTestRunOnConcurrentManager: Initializing uninitialized client. Started clients: 0
TpTrace Information: 0 : 25872, 2, 2025/09/22, 15:23:00.316, 8204478823033, vstest.console.dll, TestRunRequest.ExecuteAsync: Started.
TpTrace Verbose: 0 : 25872, 5, 2025/09/22, 15:23:00.316, 8204478824063, vstest.console.dll, DataCollectionRequestSender.InitializeCommunication : Initialize communication. 
TpTrace Verbose: 0 : 25872, 2, 2025/09/22, 15:23:00.316, 8204478827563, vstest.console.dll, TestRunRequest.WaitForCompletion: Waiting with timeout -1.
TpTrace Information: 0 : 25872, 5, 2025/09/22, 15:23:00.322, 8204478882277, vstest.console.dll, Listening on Endpoint : 127.0.0.1:53158
TpTrace Verbose: 0 : 25872, 5, 2025/09/22, 15:23:00.327, 8204478932078, vstest.console.dll, DotnetDataCollectionLauncher: Adding  --runtimeconfig "C:\Program Files\dotnet\sdk\9.0.304\datacollector.runtimeconfig.json" in args
TpTrace Verbose: 0 : 25872, 5, 2025/09/22, 15:23:00.327, 8204478933031, vstest.console.dll, DotnetDataCollectionLauncher: Adding  --depsfile "C:\Program Files\dotnet\sdk\9.0.304\datacollector.deps.json" in args
TpTrace Verbose: 0 : 25872, 5, 2025/09/22, 15:23:00.327, 8204478935097, vstest.console.dll, DotnetDataCollectionLauncher: Full path of dotnet.exe is C:\Program Files\dotnet\dotnet.exe
TpTrace Information: 0 : 25872, 5, 2025/09/22, 15:23:00.331, 8204478975062, vstest.console.dll, ProxyDataCollectionManager.Initialize: Launched datacollector processId: 23956 port: 53158
TpTrace Information: 0 : 25872, 5, 2025/09/22, 15:23:00.331, 8204478976055, vstest.console.dll, ProxyDataCollectionManager.Initialize: waiting for connection with timeout: 90 seconds
TpTrace Verbose: 0 : 25872, 5, 2025/09/22, 15:23:00.331, 8204478976465, vstest.console.dll, DataCollectionRequestSender.WaitForRequestHandlerConnection : Waiting for connection with timeout: 90000
TpTrace Information: 0 : 25872, 9, 2025/09/22, 15:23:00.437, 8204480038157, vstest.console.dll, Using the buffer size of 16384 bytes
TpTrace Verbose: 0 : 25872, 5, 2025/09/22, 15:23:00.437, 8204480038260, vstest.console.dll, SocketCommunicationManager.WaitForClientConnection took: 106 ms, with 90000 ms timeout, and finished with True.
TpTrace Information: 0 : 25872, 9, 2025/09/22, 15:23:00.437, 8204480038877, vstest.console.dll, Accepted Client request and set the flag
TpTrace Verbose: 0 : 25872, 5, 2025/09/22, 15:23:00.437, 8204480039678, vstest.console.dll, ProxyDataCollectionManager.InvokeDataCollectionServiceAction: Starting.
TpTrace Information: 0 : 25872, 5, 2025/09/22, 15:23:00.437, 8204480040223, vstest.console.dll, ProxyDataCollectionManager.BeforeTestRunStart: Get environment variable and port for datacollector processId: 23956 port: 53158
TpTrace Verbose: 0 : 25872, 5, 2025/09/22, 15:23:00.437, 8204480040941, vstest.console.dll, DataCollectionRequestSender.SendBeforeTestRunStartAndGetResult: Send BeforeTestRunStart message with settingsXml <RunSettings><RunConfiguration><ResultsDirectory>D:\Automation\WWT-Automation\bin\Debug\net8.0\fine-code-coverage\coverage-tool-output</ResultsDirectory><TargetPlatform>X64</TargetPlatform><TargetFrameworkVersion>.NETCoreApp,Version=v8.0</TargetFrameworkVersion><DesignMode>False</DesignMode><CollectSourceInformation>False</CollectSourceInformation><TestAdaptersPaths>C:\Program Files\dotnet\sdk\9.0.304\Extensions</TestAdaptersPaths></RunConfiguration><LoggerRunSettings><Loggers><Logger friendlyName="blame" enabled="True" /><Logger friendlyName="Console" uri="logger://microsoft/TestPlatform/ConsoleLogger/v1" assemblyQualifiedName="Microsoft.VisualStudio.TestPlatform.CommandLine.Internal.ConsoleLogger, vstest.console, Version=15.0.0.0, Culture=neutral, PublicKeyToken=b03f5f7f11d50a3a" codeBase="C:\Program Files\dotnet\sdk\9.0.304\vstest.console.dll" enabled="True" /></Loggers></LoggerRunSettings><DataCollectionRunSettings><DataCollectors><DataCollector friendlyName="blame" enabled="True"><Configuration><ResultsDirectory>D:\Automation\WWT-Automation\bin\Debug\net8.0\fine-code-coverage\coverage-tool-output</ResultsDirectory></Configuration></DataCollector></DataCollectors></DataCollectionRunSettings></RunSettings> and sources D:\Automation\WWT-Automation\bin\Debug\net8.0\fine-code-coverage\build-output\WWT-Automation.dll: 
TpTrace Verbose: 0 : 25872, 5, 2025/09/22, 15:23:00.477, 8204480437132, vstest.console.dll, DataCollectionRequestSender.SendBeforeTestRunStartAndGetResult: Received message: (DataCollection.SendMessage) -> {"MessageType":"DataCollection.SendMessage","Payload":{"FriendlyName":null,"Uri":null,"TestCaseId":"00000000-0000-0000-0000-000000000000","Message":"Logging DataCollector Diagnostics in file: D:\\Automation\\WWT-Automation\\bin\\Debug\\net8.0\\fine-code-coverage\\coverage-tool-output\\diagnostics.datacollector.25-09-22_15-23-00_32690_5.log","Level":0}}
TpTrace Verbose: 0 : 25872, 5, 2025/09/22, 15:23:00.538, 8204481049086, vstest.console.dll, DataCollectionRequestSender.SendBeforeTestRunStartAndGetResult: Received message: (DataCollection.BeforeTestRunStartResult) -> {"MessageType":"DataCollection.BeforeTestRunStartResult","Payload":{"EnvironmentVariables":{},"DataCollectionEventsPort":53162}}
TpTrace Information: 0 : 25872, 5, 2025/09/22, 15:23:00.541, 8204481080076, vstest.console.dll, ProxyDataCollectionManager.BeforeTestRunStart: SendBeforeTestRunStartAndGetResult successful, env variable from datacollector:   and testhost port: 53162
TpTrace Information: 0 : 25872, 5, 2025/09/22, 15:23:00.541, 8204481080773, vstest.console.dll, ProxyDataCollectionManager.InvokeDataCollectionServiceAction: Completed.
TpTrace Verbose: 0 : 25872, 5, 2025/09/22, 15:23:00.541, 8204481081078, vstest.console.dll, ParallelProxyExecutionManager.StartTestRunOnConcurrentManager: Initializing test run. Started clients: 0
TpTrace Verbose: 0 : 25872, 5, 2025/09/22, 15:23:00.542, 8204481081726, vstest.console.dll, ProxyExecutionManager: Test host is always Lazy initialize.
TpTrace Verbose: 0 : 25872, 5, 2025/09/22, 15:23:00.542, 8204481083250, vstest.console.dll, TestRequestSender.InitializeCommunication: initialize communication. 
TpTrace Information: 0 : 25872, 5, 2025/09/22, 15:23:00.542, 8204481087004, vstest.console.dll, SocketServer.Start: Listening on endpoint : 127.0.0.1:53163
TpTrace Verbose: 0 : 25872, 5, 2025/09/22, 15:23:00.543, 8204481092055, vstest.console.dll, DotnetTestHostmanager.GetTestHostProcessStartInfo: Platform environment 'X64' target architecture 'X64' framework '.NETCoreApp,Version=v8.0' OS 'Windows'
TpTrace Verbose: 0 : 25872, 5, 2025/09/22, 15:23:00.543, 8204481093248, vstest.console.dll, DotnetTestHostmanager: Adding  --runtimeconfig "D:\Automation\WWT-Automation\bin\Debug\net8.0\fine-code-coverage\build-output\WWT-Automation.runtimeconfig.json" in args
TpTrace Verbose: 0 : 25872, 5, 2025/09/22, 15:23:00.543, 8204481093674, vstest.console.dll, DotnetTestHostmanager: Adding  --depsfile "D:\Automation\WWT-Automation\bin\Debug\net8.0\fine-code-coverage\build-output\WWT-Automation.deps.json" in args
TpTrace Verbose: 0 : 25872, 5, 2025/09/22, 15:23:00.543, 8204481094892, vstest.console.dll, DotnetTestHostmanager.IsWinOnArm: Current PROCESSOR_ARCHITECTURE from environment variable 'AMD64'
TpTrace Verbose: 0 : 25872, 5, 2025/09/22, 15:23:00.543, 8204481095335, vstest.console.dll, DotnetTestHostmanager.IsWinOnArm: Is Windows on ARM 'False'
TpTrace Verbose: 0 : 25872, 5, 2025/09/22, 15:23:00.543, 8204481095722, vstest.console.dll, DotnetTestHostManager: testhost.exe found at path: D:\Automation\WWT-Automation\bin\Debug\net8.0\fine-code-coverage\build-output\testhost.exe
TpTrace Verbose: 0 : 25872, 5, 2025/09/22, 15:23:00.543, 8204481096011, vstest.console.dll, DotnetTestHostmanager: Full path of host exe is D:\Automation\WWT-Automation\bin\Debug\net8.0\fine-code-coverage\build-output\testhost.exe
TpTrace Verbose: 0 : 25872, 5, 2025/09/22, 15:23:00.543, 8204481097000, vstest.console.dll, DotnetTestHostmanager.LaunchTestHostAsync: Found 'VSTEST_WINAPPHOST_DOTNET_ROOT' in env variables, value 'C:\Program Files\dotnet', forwarding to 'DOTNET_ROOT'
TpTrace Verbose: 0 : 25872, 5, 2025/09/22, 15:23:00.543, 8204481097936, vstest.console.dll, DotnetTestHostManager: Starting process 'D:\Automation\WWT-Automation\bin\Debug\net8.0\fine-code-coverage\build-output\testhost.exe' with command line ' --runtimeconfig "D:\Automation\WWT-Automation\bin\Debug\net8.0\fine-code-coverage\build-output\WWT-Automation.runtimeconfig.json" --depsfile "D:\Automation\WWT-Automation\bin\Debug\net8.0\fine-code-coverage\build-output\WWT-Automation.deps.json" --port 53163 --endpoint 127.0.0.1:053163 --role client --parentprocessid 25872 --diag "D:\Automation\WWT-Automation\bin\Debug\net8.0\fine-code-coverage\coverage-tool-output\diagnostics.host.25-09-22_15-23-00_54279_5.log" --tracelevel 4 --datacollectionport 53162 --telemetryoptedin false'
TpTrace Verbose: 0 : 25872, 5, 2025/09/22, 15:23:00.547, 8204481136057, vstest.console.dll, MulticastDelegateUtilities.SafeInvoke: HostProviderEvents.OnHostLaunched: Invoking callback 1/2 for Microsoft.VisualStudio.TestPlatform.CrossPlatEngine.Client.ProxyExecutionManagerWithDataCollection., took 0 ms.
TpTrace Verbose: 0 : 25872, 5, 2025/09/22, 15:23:00.547, 8204481137943, vstest.console.dll, Test Runtime launched
TpTrace Verbose: 0 : 25872, 5, 2025/09/22, 15:23:00.547, 8204481138373, vstest.console.dll, MulticastDelegateUtilities.SafeInvoke: HostProviderEvents.OnHostLaunched: Invoking callback 2/2 for Microsoft.VisualStudio.TestPlatform.CrossPlatEngine.Client.ProxyOperationManager., took 0 ms.
TpTrace Verbose: 0 : 25872, 5, 2025/09/22, 15:23:00.547, 8204481139367, vstest.console.dll, TestRequestSender.WaitForRequestHandlerConnection: waiting for connection with timeout: 90000.
TpTrace Verbose: 0 : 25872, 5, 2025/09/22, 15:23:00.666, 8204482327750, vstest.console.dll, TestRequestSender.WaitForRequestHandlerConnection: waiting took 118 ms, with timeout 90000 ms, and result 0, which is success.
TpTrace Verbose: 0 : 25872, 12, 2025/09/22, 15:23:00.666, 8204482327750, vstest.console.dll, MulticastDelegateUtilities.SafeInvoke: SocketServer: ClientConnected: Invoking callback 1/1 for Microsoft.VisualStudio.TestPlatform.CommunicationUtilities.TestRequestSender., took 0 ms.
TpTrace Verbose: 0 : 25872, 12, 2025/09/22, 15:23:00.666, 8204482329251, vstest.console.dll, SocketServer.OnClientConnected: Client connected for endPoint: 127.0.0.1:53163, starting MessageLoopAsync:
TpTrace Verbose: 0 : 25872, 5, 2025/09/22, 15:23:00.667, 8204482333684, vstest.console.dll, TestRequestSender.CheckVersionWithTestHost: Sending check version message: {"MessageType":"ProtocolVersion","Payload":7}
TpTrace Verbose: 0 : 25872, 13, 2025/09/22, 15:23:00.667, 8204482333966, vstest.console.dll, TcpClientExtensions.MessageLoopAsync: Polling on remoteEndPoint: 127.0.0.1:53164 localEndPoint: 127.0.0.1:53163 after 0 ms
TpTrace Verbose: 0 : 25872, 13, 2025/09/22, 15:23:00.742, 8204483083493, vstest.console.dll, TcpClientExtensions.MessageLoopAsync: NotifyDataAvailable remoteEndPoint: 127.0.0.1:53164 localEndPoint: 127.0.0.1:53163
TpTrace Verbose: 0 : 25872, 13, 2025/09/22, 15:23:00.742, 8204483085211, vstest.console.dll, TestRequestSender.CheckVersionWithTestHost: onMessageReceived received message: (ProtocolVersion) -> {"MessageType":"ProtocolVersion","Payload":7}
TpTrace Verbose: 0 : 25872, 13, 2025/09/22, 15:23:00.742, 8204483089610, vstest.console.dll, MulticastDelegateUtilities.SafeInvoke: LengthPrefixCommunicationChannel: MessageReceived: Invoking callback 1/1 for Microsoft.VisualStudio.TestPlatform.CommunicationUtilities.TestRequestSender+<>c__DisplayClass29_0., took 0 ms.
TpTrace Verbose: 0 : 25872, 13, 2025/09/22, 15:23:00.742, 8204483090166, vstest.console.dll, TcpClientExtensions.MessageLoopAsync: Polling on remoteEndPoint: 127.0.0.1:53164 localEndPoint: 127.0.0.1:53163 after 75 ms
TpTrace Verbose: 0 : 25872, 5, 2025/09/22, 15:23:00.742, 8204483090580, vstest.console.dll, TestPluginCache.GetExtensionPaths: Filtered extension paths: 
TpTrace Verbose: 0 : 25872, 5, 2025/09/22, 15:23:00.742, 8204483091122, vstest.console.dll, TestPluginCache.GetExtensionPaths: Added default extension paths: C:\Program Files\dotnet\sdk\9.0.304\Extensions\Microsoft.Diagnostics.NETCore.Client.dll
C:\Program Files\dotnet\sdk\9.0.304\Extensions\Microsoft.TestPlatform.Extensions.BlameDataCollector.dll
C:\Program Files\dotnet\sdk\9.0.304\Extensions\Microsoft.TestPlatform.Extensions.EventLogCollector.dll
C:\Program Files\dotnet\sdk\9.0.304\Extensions\Microsoft.TestPlatform.TestHostRuntimeProvider.dll
C:\Program Files\dotnet\sdk\9.0.304\Extensions\Microsoft.VisualStudio.TestPlatform.Extensions.Html.TestLogger.dll
C:\Program Files\dotnet\sdk\9.0.304\Extensions\Microsoft.VisualStudio.TestPlatform.Extensions.Trx.TestLogger.dll
TpTrace Verbose: 0 : 25872, 5, 2025/09/22, 15:23:00.742, 8204483091396, vstest.console.dll, TestPluginCache.GetExtensionPaths: Added unfilterableExtensionPaths: 
TpTrace Verbose: 0 : 25872, 5, 2025/09/22, 15:23:00.744, 8204483107346, vstest.console.dll, TestRequestSender.InitializeExecution: Sending initialize execution with message: {"Version":7,"MessageType":"TestExecution.Initialize","Payload":["D:\\Automation\\WWT-Automation\\bin\\Debug\\net8.0\\fine-code-coverage\\build-output\\NUnit3.TestAdapter.dll"]}
TpTrace Verbose: 0 : 25872, 5, 2025/09/22, 15:23:00.744, 8204483108589, vstest.console.dll, ParallelProxyExecutionManager.StartTestRunOnConcurrentManager: Execution starting. Started clients: 1
TpTrace Verbose: 0 : 25872, 5, 2025/09/22, 15:23:00.744, 8204483110320, vstest.console.dll, TestRunRequest:SendTestRunMessage: Starting.
TpTrace Verbose: 0 : 25872, 5, 2025/09/22, 15:23:00.744, 8204483111325, vstest.console.dll, MulticastDelegateUtilities.SafeInvoke: TestRun.LogMessages: Invoking callback 1/1 for Microsoft.VisualStudio.TestPlatform.CommandLine.TestRunResultAggregator., took 0 ms.
TpTrace Information: 0 : 25872, 5, 2025/09/22, 15:23:00.745, 8204483111670, vstest.console.dll, TestRunRequest:SendTestRunMessage: Completed.
TpTrace Verbose: 0 : 25872, 4, 2025/09/22, 15:23:00.745, 8204483112656, vstest.console.dll, MulticastDelegateUtilities.SafeInvoke: InternalTestLoggerEvents.SendTestRunMessage: Invoking callback 1/1 for Microsoft.VisualStudio.TestPlatform.CommandLine.Internal.ConsoleLogger., took 0 ms.
TpTrace Warning: 0 : 25872, 5, 2025/09/22, 15:23:00.745, 8204483114397, vstest.console.dll, InferRunSettingsHelper.MakeRunsettingsCompatible: Removing the following settings: TargetPlatform from RunSettings file. To use those settings please move to latest version of Microsoft.NET.Test.Sdk
TpTrace Verbose: 0 : 25872, 13, 2025/09/22, 15:23:00.745, 8204483119097, vstest.console.dll, TcpClientExtensions.MessageLoopAsync: NotifyDataAvailable remoteEndPoint: 127.0.0.1:53164 localEndPoint: 127.0.0.1:53163
TpTrace Verbose: 0 : 25872, 13, 2025/09/22, 15:23:00.745, 8204483121001, vstest.console.dll, TestRequestSender.OnExecutionMessageReceived: Received message: {"Version":7,"MessageType":"TestSession.Message","Payload":{"MessageLevel":0,"Message":"Logging TestHost Diagnostics in file: D:\\Automation\\WWT-Automation\\bin\\Debug\\net8.0\\fine-code-coverage\\coverage-tool-output\\diagnostics.host.25-09-22_15-23-00_54279_5.log"}}
TpTrace Verbose: 0 : 25872, 13, 2025/09/22, 15:23:00.747, 8204483136037, vstest.console.dll, TestRunRequest:SendTestRunMessage: Starting.
TpTrace Verbose: 0 : 25872, 13, 2025/09/22, 15:23:00.747, 8204483136773, vstest.console.dll, MulticastDelegateUtilities.SafeInvoke: TestRun.LogMessages: Invoking callback 1/1 for Microsoft.VisualStudio.TestPlatform.CommandLine.TestRunResultAggregator., took 0 ms.
TpTrace Verbose: 0 : 25872, 4, 2025/09/22, 15:23:00.747, 8204483136937, vstest.console.dll, MulticastDelegateUtilities.SafeInvoke: InternalTestLoggerEvents.SendTestRunMessage: Invoking callback 1/1 for Microsoft.VisualStudio.TestPlatform.CommandLine.Internal.ConsoleLogger., took 0 ms.
TpTrace Information: 0 : 25872, 13, 2025/09/22, 15:23:00.747, 8204483137053, vstest.console.dll, TestRunRequest:SendTestRunMessage: Completed.
TpTrace Verbose: 0 : 25872, 13, 2025/09/22, 15:23:00.747, 8204483137835, vstest.console.dll, MulticastDelegateUtilities.SafeInvoke: LengthPrefixCommunicationChannel: MessageReceived: Invoking callback 1/1 for Microsoft.VisualStudio.TestPlatform.CommunicationUtilities.TestRequestSender+<>c__DisplayClass34_0., took 1 ms.
TpTrace Verbose: 0 : 25872, 13, 2025/09/22, 15:23:00.747, 8204483138158, vstest.console.dll, TcpClientExtensions.MessageLoopAsync: Polling on remoteEndPoint: 127.0.0.1:53164 localEndPoint: 127.0.0.1:53163 after 4 ms
TpTrace Verbose: 0 : 25872, 5, 2025/09/22, 15:23:00.749, 8204483156576, vstest.console.dll, TestRequestSender.StartTestRun: Sending test run with message: {"Version":7,"MessageType":"TestExecution.StartWithSources","Payload":{"AdapterSourceMap":{"_none_":["D:\\Automation\\WWT-Automation\\bin\\Debug\\net8.0\\fine-code-coverage\\build-output\\WWT-Automation.dll"]},"RunSettings":"<RunSettings>\r\n  <RunConfiguration>\r\n    <ResultsDirectory>D:\\Automation\\WWT-Automation\\bin\\Debug\\net8.0\\fine-code-coverage\\coverage-tool-output</ResultsDirectory>\r\n    <TargetFrameworkVersion>.NETCoreApp,Version=v8.0</TargetFrameworkVersion>\r\n    <DesignMode>False</DesignMode>\r\n    <CollectSourceInformation>False</CollectSourceInformation>\r\n  </RunConfiguration>\r\n  <LoggerRunSettings>\r\n    <Loggers>\r\n      <Logger friendlyName=\"blame\" enabled=\"True\" />\r\n      <Logger friendlyName=\"Console\" uri=\"logger://microsoft/TestPlatform/ConsoleLogger/v1\" assemblyQualifiedName=\"Microsoft.VisualStudio.TestPlatform.CommandLine.Internal.ConsoleLogger, vstest.console, Version=15.0.0.0, Culture=neutral, PublicKeyToken=b03f5f7f11d50a3a\" codeBase=\"C:\\Program Files\\dotnet\\sdk\\9.0.304\\vstest.console.dll\" enabled=\"True\" />\r\n    </Loggers>\r\n  </LoggerRunSettings>\r\n  <DataCollectionRunSettings>\r\n    <DataCollectors>\r\n      <DataCollector friendlyName=\"blame\" enabled=\"True\">\r\n        <Configuration>\r\n          <ResultsDirectory>D:\\Automation\\WWT-Automation\\bin\\Debug\\net8.0\\fine-code-coverage\\coverage-tool-output</ResultsDirectory>\r\n        </Configuration>\r\n      </DataCollector>\r\n    </DataCollectors>\r\n  </DataCollectionRunSettings>\r\n</RunSettings>","TestExecutionContext":{"FrequencyOfRunStatsChangeEvent":10,"RunStatsChangeEventTimeout":"00:00:01.5000000","InIsolation":false,"KeepAlive":false,"AreTestCaseLevelEventsRequired":false,"IsDebug":false,"TestCaseFilter":null,"FilterOptions":null},"Package":null}}
TpTrace Verbose: 0 : 25872, 5, 2025/09/22, 15:23:00.749, 8204483157651, vstest.console.dll, ParallelProxyExecutionManager.StartTestRunOnConcurrentManager: Execution started. Started clients: 1
TpTrace Verbose: 0 : 25872, 13, 2025/09/22, 15:23:00.849, 8204484161397, vstest.console.dll, TcpClientExtensions.MessageLoopAsync: NotifyDataAvailable remoteEndPoint: 127.0.0.1:53164 localEndPoint: 127.0.0.1:53163
TpTrace Verbose: 0 : 25872, 13, 2025/09/22, 15:23:00.850, 8204484162469, vstest.console.dll, TestRequestSender.OnExecutionMessageReceived: Received message: {"Version":7,"MessageType":"TestSession.Message","Payload":{"MessageLevel":0,"Message":"NUnit Adapter 4.5.0.0: Test execution started"}}
TpTrace Verbose: 0 : 25872, 13, 2025/09/22, 15:23:00.850, 8204484163853, vstest.console.dll, TestRunRequest:SendTestRunMessage: Starting.
TpTrace Verbose: 0 : 25872, 13, 2025/09/22, 15:23:00.850, 8204484164315, vstest.console.dll, MulticastDelegateUtilities.SafeInvoke: TestRun.LogMessages: Invoking callback 1/1 for Microsoft.VisualStudio.TestPlatform.CommandLine.TestRunResultAggregator., took 0 ms.
TpTrace Information: 0 : 25872, 13, 2025/09/22, 15:23:00.850, 8204484164550, vstest.console.dll, TestRunRequest:SendTestRunMessage: Completed.
TpTrace Verbose: 0 : 25872, 4, 2025/09/22, 15:23:00.850, 8204484164518, vstest.console.dll, MulticastDelegateUtilities.SafeInvoke: InternalTestLoggerEvents.SendTestRunMessage: Invoking callback 1/1 for Microsoft.VisualStudio.TestPlatform.CommandLine.Internal.ConsoleLogger., took 0 ms.
TpTrace Verbose: 0 : 25872, 13, 2025/09/22, 15:23:00.850, 8204484164793, vstest.console.dll, MulticastDelegateUtilities.SafeInvoke: LengthPrefixCommunicationChannel: MessageReceived: Invoking callback 1/1 for Microsoft.VisualStudio.TestPlatform.CommunicationUtilities.TestRequestSender+<>c__DisplayClass34_0., took 0 ms.
TpTrace Verbose: 0 : 25872, 13, 2025/09/22, 15:23:00.850, 8204484165639, vstest.console.dll, TcpClientExtensions.MessageLoopAsync: Polling on remoteEndPoint: 127.0.0.1:53164 localEndPoint: 127.0.0.1:53163 after 102 ms
TpTrace Verbose: 0 : 25872, 13, 2025/09/22, 15:23:00.865, 8204484317824, vstest.console.dll, TcpClientExtensions.MessageLoopAsync: NotifyDataAvailable remoteEndPoint: 127.0.0.1:53164 localEndPoint: 127.0.0.1:53163
TpTrace Verbose: 0 : 25872, 13, 2025/09/22, 15:23:00.865, 8204484318656, vstest.console.dll, TestRequestSender.OnExecutionMessageReceived: Received message: {"Version":7,"MessageType":"TestSession.Message","Payload":{"MessageLevel":0,"Message":"Running all tests in D:\\Automation\\WWT-Automation\\bin\\Debug\\net8.0\\fine-code-coverage\\build-output\\WWT-Automation.dll"}}
TpTrace Verbose: 0 : 25872, 13, 2025/09/22, 15:23:00.865, 8204484319405, vstest.console.dll, TestRunRequest:SendTestRunMessage: Starting.
TpTrace Verbose: 0 : 25872, 13, 2025/09/22, 15:23:00.865, 8204484319793, vstest.console.dll, MulticastDelegateUtilities.SafeInvoke: TestRun.LogMessages: Invoking callback 1/1 for Microsoft.VisualStudio.TestPlatform.CommandLine.TestRunResultAggregator., took 0 ms.
TpTrace Verbose: 0 : 25872, 4, 2025/09/22, 15:23:00.865, 8204484319992, vstest.console.dll, MulticastDelegateUtilities.SafeInvoke: InternalTestLoggerEvents.SendTestRunMessage: Invoking callback 1/1 for Microsoft.VisualStudio.TestPlatform.CommandLine.Internal.ConsoleLogger., took 0 ms.
TpTrace Information: 0 : 25872, 13, 2025/09/22, 15:23:00.865, 8204484320069, vstest.console.dll, TestRunRequest:SendTestRunMessage: Completed.
TpTrace Verbose: 0 : 25872, 13, 2025/09/22, 15:23:00.865, 8204484320882, vstest.console.dll, MulticastDelegateUtilities.SafeInvoke: LengthPrefixCommunicationChannel: MessageReceived: Invoking callback 1/1 for Microsoft.VisualStudio.TestPlatform.CommunicationUtilities.TestRequestSender+<>c__DisplayClass34_0., took 0 ms.
TpTrace Verbose: 0 : 25872, 13, 2025/09/22, 15:23:00.865, 8204484321144, vstest.console.dll, TcpClientExtensions.MessageLoopAsync: Polling on remoteEndPoint: 127.0.0.1:53164 localEndPoint: 127.0.0.1:53163 after 15 ms
TpTrace Verbose: 0 : 25872, 13, 2025/09/22, 15:23:00.940, 8204485062039, vstest.console.dll, TcpClientExtensions.MessageLoopAsync: NotifyDataAvailable remoteEndPoint: 127.0.0.1:53164 localEndPoint: 127.0.0.1:53163
TpTrace Verbose: 0 : 25872, 13, 2025/09/22, 15:23:00.940, 8204485063154, vstest.console.dll, TestRequestSender.OnExecutionMessageReceived: Received message: {"Version":7,"MessageType":"TestSession.Message","Payload":{"MessageLevel":0,"Message":"   NUnit3TestExecutor discovered 5 of 5 NUnit test cases using Current Discovery mode, Non-Explicit run"}}
TpTrace Verbose: 0 : 25872, 13, 2025/09/22, 15:23:00.940, 8204485063995, vstest.console.dll, TestRunRequest:SendTestRunMessage: Starting.
TpTrace Verbose: 0 : 25872, 13, 2025/09/22, 15:23:00.940, 8204485064406, vstest.console.dll, MulticastDelegateUtilities.SafeInvoke: TestRun.LogMessages: Invoking callback 1/1 for Microsoft.VisualStudio.TestPlatform.CommandLine.TestRunResultAggregator., took 0 ms.
TpTrace Information: 0 : 25872, 13, 2025/09/22, 15:23:00.940, 8204485064641, vstest.console.dll, TestRunRequest:SendTestRunMessage: Completed.
TpTrace Verbose: 0 : 25872, 4, 2025/09/22, 15:23:00.940, 8204485064667, vstest.console.dll, MulticastDelegateUtilities.SafeInvoke: InternalTestLoggerEvents.SendTestRunMessage: Invoking callback 1/1 for Microsoft.VisualStudio.TestPlatform.CommandLine.Internal.ConsoleLogger., took 0 ms.
TpTrace Verbose: 0 : 25872, 13, 2025/09/22, 15:23:00.940, 8204485064960, vstest.console.dll, MulticastDelegateUtilities.SafeInvoke: LengthPrefixCommunicationChannel: MessageReceived: Invoking callback 1/1 for Microsoft.VisualStudio.TestPlatform.CommunicationUtilities.TestRequestSender+<>c__DisplayClass34_0., took 0 ms.
TpTrace Verbose: 0 : 25872, 13, 2025/09/22, 15:23:00.940, 8204485065748, vstest.console.dll, TcpClientExtensions.MessageLoopAsync: Polling on remoteEndPoint: 127.0.0.1:53164 localEndPoint: 127.0.0.1:53163 after 74 ms
TpTrace Verbose: 0 : 25872, 13, 2025/09/22, 15:23:01.954, 8204495210872, vstest.console.dll, TcpClientExtensions.MessageLoopAsync: Polling on remoteEndPoint: 127.0.0.1:53164 localEndPoint: 127.0.0.1:53163 after 1014 ms
TpTrace Verbose: 0 : 25872, 13, 2025/09/22, 15:23:02.318, 8204498851220, vstest.console.dll, TcpClientExtensions.MessageLoopAsync: NotifyDataAvailable remoteEndPoint: 127.0.0.1:53164 localEndPoint: 127.0.0.1:53163
TpTrace Verbose: 0 : 25872, 13, 2025/09/22, 15:23:02.319, 8204498853143, vstest.console.dll, TestRequestSender.OnExecutionMessageReceived: Received message: {"Version":7,"MessageType":"TestExecution.StatsChange","Payload":{"NewTestResults":[],"TestRunStatistics":{"ExecutedTests":0,"Stats":{}},"ActiveTests":[{"Id":"30d5bb5d-9568-2d0c-1567-5bd7bf82f68f","FullyQualifiedName":"WWT_Automation.Tests.AdminTool._1._Merchant_Profiles.Lookup.MerchantProfilesLookup_FilterMerchants_DisplayFilteredMerchants","DisplayName":"MerchantProfilesLookup_FilterMerchants_DisplayFilteredMerchants","ExecutorUri":"executor://NUnit3TestExecutor","Source":"D:\\Automation\\WWT-Automation\\bin\\Debug\\net8.0\\fine-code-coverage\\build-output\\WWT-Automation.dll","CodeFilePath":null,"LineNumber":0,"Properties":[{"Key":{"Id":"NUnit.Seed","Label":"Seed","Category":"","Description":"","Attributes":0,"ValueType":"System.String"},"Value":"1801952434"}]}]}}
TpTrace Verbose: 0 : 25872, 13, 2025/09/22, 15:23:02.331, 8204498976816, vstest.console.dll, TestRunRequest:SendTestRunStatsChange: Starting.
TpTrace Verbose: 0 : 25872, 13, 2025/09/22, 15:23:02.331, 8204498978073, vstest.console.dll, InProgress is MerchantProfilesLookup_FilterMerchants_DisplayFilteredMerchants
TpTrace Verbose: 0 : 25872, 13, 2025/09/22, 15:23:02.331, 8204498978902, vstest.console.dll, MulticastDelegateUtilities.SafeInvoke: TestRun.RunStatsChanged: Invoking callbacks was skipped because there are no subscribers.
TpTrace Information: 0 : 25872, 13, 2025/09/22, 15:23:02.331, 8204498979234, vstest.console.dll, TestRunRequest:SendTestRunStatsChange: Completed.
TpTrace Verbose: 0 : 25872, 13, 2025/09/22, 15:23:02.331, 8204498979617, vstest.console.dll, MulticastDelegateUtilities.SafeInvoke: LengthPrefixCommunicationChannel: MessageReceived: Invoking callback 1/1 for Microsoft.VisualStudio.TestPlatform.CommunicationUtilities.TestRequestSender+<>c__DisplayClass34_0., took 12 ms.
TpTrace Verbose: 0 : 25872, 13, 2025/09/22, 15:23:02.331, 8204498980001, vstest.console.dll, TcpClientExtensions.MessageLoopAsync: Polling on remoteEndPoint: 127.0.0.1:53164 localEndPoint: 127.0.0.1:53163 after 376 ms
TpTrace Verbose: 0 : 25872, 13, 2025/09/22, 15:23:03.343, 8204509091883, vstest.console.dll, TcpClientExtensions.MessageLoopAsync: Polling on remoteEndPoint: 127.0.0.1:53164 localEndPoint: 127.0.0.1:53163 after 1011 ms
TpTrace Verbose: 0 : 25872, 13, 2025/09/22, 15:23:04.352, 8204519191171, vstest.console.dll, TcpClientExtensions.MessageLoopAsync: Polling on remoteEndPoint: 127.0.0.1:53164 localEndPoint: 127.0.0.1:53163 after 1009 ms
TpTrace Verbose: 0 : 25872, 13, 2025/09/22, 15:23:05.359, 8204529260551, vstest.console.dll, TcpClientExtensions.MessageLoopAsync: Polling on remoteEndPoint: 127.0.0.1:53164 localEndPoint: 127.0.0.1:53163 after 1006 ms
TpTrace Verbose: 0 : 25872, 13, 2025/09/22, 15:23:06.368, 8204539342161, vstest.console.dll, TcpClientExtensions.MessageLoopAsync: Polling on remoteEndPoint: 127.0.0.1:53164 localEndPoint: 127.0.0.1:53163 after 1007 ms
TpTrace Verbose: 0 : 25872, 13, 2025/09/22, 15:23:07.374, 8204549411027, vstest.console.dll, TcpClientExtensions.MessageLoopAsync: Polling on remoteEndPoint: 127.0.0.1:53164 localEndPoint: 127.0.0.1:53163 after 1006 ms
TpTrace Verbose: 0 : 25872, 13, 2025/09/22, 15:23:08.380, 8204559469470, vstest.console.dll, TcpClientExtensions.MessageLoopAsync: Polling on remoteEndPoint: 127.0.0.1:53164 localEndPoint: 127.0.0.1:53163 after 1005 ms
TpTrace Verbose: 0 : 25872, 13, 2025/09/22, 15:23:09.395, 8204569611530, vstest.console.dll, TcpClientExtensions.MessageLoopAsync: Polling on remoteEndPoint: 127.0.0.1:53164 localEndPoint: 127.0.0.1:53163 after 1014 ms
TpTrace Verbose: 0 : 25872, 13, 2025/09/22, 15:23:09.782, 8204573487533, vstest.console.dll, TcpClientExtensions.MessageLoopAsync: NotifyDataAvailable remoteEndPoint: 127.0.0.1:53164 localEndPoint: 127.0.0.1:53163
TpTrace Verbose: 0 : 25872, 13, 2025/09/22, 15:23:09.782, 8204573489310, vstest.console.dll, TestRequestSender.OnExecutionMessageReceived: Received message: {"Version":7,"MessageType":"TestExecution.StatsChange","Payload":{"NewTestResults":[{"TestCase":{"Id":"30d5bb5d-9568-2d0c-1567-5bd7bf82f68f","FullyQualifiedName":"WWT_Automation.Tests.AdminTool._1._Merchant_Profiles.Lookup.MerchantProfilesLookup_FilterMerchants_DisplayFilteredMerchants","DisplayName":"MerchantProfilesLookup_FilterMerchants_DisplayFilteredMerchants","ExecutorUri":"executor://NUnit3TestExecutor","Source":"D:\\Automation\\WWT-Automation\\bin\\Debug\\net8.0\\fine-code-coverage\\build-output\\WWT-Automation.dll","CodeFilePath":null,"LineNumber":0,"Properties":[{"Key":{"Id":"NUnit.Seed","Label":"Seed","Category":"","Description":"","Attributes":0,"ValueType":"System.String"},"Value":"1801952434"}]},"Attachments":[],"Outcome":2,"ErrorMessage":"  Expected string length 12 but was 19. Strings differ at index 1.\r\n  Expected: \"Marjan Boras\"\r\n  But was:  \"Milos Popov Zikelic\"\r\n  ------------^\r\n","ErrorStackTrace":"   at WWT_Automation.Tests.AdminTool._1._Merchant_Profiles.Lookup.MerchantProfilesLookup_FilterMerchants_DisplayFilteredMerchants() in D:\\Automation\\WWT-Automation\\Tests\\AdminTool\\1. Merchant Profiles\\Lookup.cs:line 55\r\n\n1)    at WWT_Automation.Tests.AdminTool._1._Merchant_Profiles.Lookup.MerchantProfilesLookup_FilterMerchants_DisplayFilteredMerchants() in D:\\Automation\\WWT-Automation\\Tests\\AdminTool\\1. Merchant Profiles\\Lookup.cs:line 55\r\n\n","DisplayName":"MerchantProfilesLookup_FilterMerchants_DisplayFilteredMerchants","Messages":[],"ComputerName":"ITSM-738","Duration":"00:00:08.7915450","StartTime":"2025-09-22T13:23:00.9595659+00:00","EndTime":"2025-09-22T13:23:09.7510433+00:00","Properties":[{"Key":{"Id":"NUnit.Seed","Label":"Seed","Category":"","Description":"","Attributes":0,"ValueType":"System.String"},"Value":"1801952434"}]}],"TestRunStatistics":{"ExecutedTests":1,"Stats":{"Failed":1}},"ActiveTests":[{"Id":"1d138616-26a8-8378-1bb0-e830bc21462a","FullyQualifiedName":"WWT_Automation.Tests.AdminTool.SignIn.SignIn_InvalidPassword_ErrorMessage","DisplayName":"SignIn_InvalidPassword_ErrorMessage","ExecutorUri":"executor://NUnit3TestExecutor","Source":"D:\\Automation\\WWT-Automation\\bin\\Debug\\net8.0\\fine-code-coverage\\build-output\\WWT-Automation.dll","CodeFilePath":null,"LineNumber":0,"Properties":[{"Key":{"Id":"NUnit.Seed","Label":"Seed","Category":"","Description":"","Attributes":0,"ValueType":"System.String"},"Value":"1115914271"}]}]}}
TpTrace Verbose: 0 : 25872, 13, 2025/09/22, 15:23:09.788, 8204573546585, vstest.console.dll, TestRunRequest:SendTestRunStatsChange: Starting.
TpTrace Verbose: 0 : 25872, 13, 2025/09/22, 15:23:09.788, 8204573547488, vstest.console.dll, InProgress is SignIn_InvalidPassword_ErrorMessage
TpTrace Verbose: 0 : 25872, 13, 2025/09/22, 15:23:09.788, 8204573548712, vstest.console.dll, MulticastDelegateUtilities.SafeInvoke: TestRun.RunStatsChanged: Invoking callbacks was skipped because there are no subscribers.
TpTrace Information: 0 : 25872, 13, 2025/09/22, 15:23:09.788, 8204573549062, vstest.console.dll, TestRunRequest:SendTestRunStatsChange: Completed.
TpTrace Verbose: 0 : 25872, 13, 2025/09/22, 15:23:09.788, 8204573549326, vstest.console.dll, MulticastDelegateUtilities.SafeInvoke: LengthPrefixCommunicationChannel: MessageReceived: Invoking callback 1/1 for Microsoft.VisualStudio.TestPlatform.CommunicationUtilities.TestRequestSender+<>c__DisplayClass34_0., took 6 ms.
TpTrace Verbose: 0 : 25872, 13, 2025/09/22, 15:23:09.788, 8204573549607, vstest.console.dll, TcpClientExtensions.MessageLoopAsync: Polling on remoteEndPoint: 127.0.0.1:53164 localEndPoint: 127.0.0.1:53163 after 393 ms
TpTrace Verbose: 0 : 25872, 4, 2025/09/22, 15:23:09.790, 8204573567419, vstest.console.dll, MulticastDelegateUtilities.SafeInvoke: InternalTestLoggerEvents.SendTestResult: Invoking callback 1/1 for Microsoft.VisualStudio.TestPlatform.CommandLine.Internal.ConsoleLogger., took 1 ms.
TpTrace Verbose: 0 : 25872, 13, 2025/09/22, 15:23:10.799, 8204583652245, vstest.console.dll, TcpClientExtensions.MessageLoopAsync: Polling on remoteEndPoint: 127.0.0.1:53164 localEndPoint: 127.0.0.1:53163 after 1010 ms
TpTrace Verbose: 0 : 25872, 13, 2025/09/22, 15:23:11.710, 8204592762566, vstest.console.dll, TcpClientExtensions.MessageLoopAsync: NotifyDataAvailable remoteEndPoint: 127.0.0.1:53164 localEndPoint: 127.0.0.1:53163
TpTrace Verbose: 0 : 25872, 13, 2025/09/22, 15:23:11.710, 8204592764775, vstest.console.dll, TestRequestSender.OnExecutionMessageReceived: Received message: {"Version":7,"MessageType":"TestExecution.StatsChange","Payload":{"NewTestResults":[{"TestCase":{"Id":"1d138616-26a8-8378-1bb0-e830bc21462a","FullyQualifiedName":"WWT_Automation.Tests.AdminTool.SignIn.SignIn_InvalidPassword_ErrorMessage","DisplayName":"SignIn_InvalidPassword_ErrorMessage","ExecutorUri":"executor://NUnit3TestExecutor","Source":"D:\\Automation\\WWT-Automation\\bin\\Debug\\net8.0\\fine-code-coverage\\build-output\\WWT-Automation.dll","CodeFilePath":null,"LineNumber":0,"Properties":[{"Key":{"Id":"NUnit.Seed","Label":"Seed","Category":"","Description":"","Attributes":0,"ValueType":"System.String"},"Value":"1115914271"}]},"Attachments":[],"Outcome":1,"ErrorMessage":null,"ErrorStackTrace":null,"DisplayName":"SignIn_InvalidPassword_ErrorMessage","Messages":[],"ComputerName":"ITSM-738","Duration":"00:00:01.9520200","StartTime":"2025-09-22T13:23:09.7541456+00:00","EndTime":"2025-09-22T13:23:11.7061649+00:00","Properties":[{"Key":{"Id":"NUnit.Seed","Label":"Seed","Category":"","Description":"","Attributes":0,"ValueType":"System.String"},"Value":"1115914271"}]}],"TestRunStatistics":{"ExecutedTests":2,"Stats":{"Failed":1,"Passed":1}},"ActiveTests":[{"Id":"75706411-ca80-5f69-3353-a87307103444","FullyQualifiedName":"WWT_Automation.Tests.AdminTool.SignIn.SignIn_InvalidUsername_ErrorMessage","DisplayName":"SignIn_InvalidUsername_ErrorMessage","ExecutorUri":"executor://NUnit3TestExecutor","Source":"D:\\Automation\\WWT-Automation\\bin\\Debug\\net8.0\\fine-code-coverage\\build-output\\WWT-Automation.dll","CodeFilePath":null,"LineNumber":0,"Properties":[{"Key":{"Id":"NUnit.Seed","Label":"Seed","Category":"","Description":"","Attributes":0,"ValueType":"System.String"},"Value":"632048399"}]}]}}
TpTrace Verbose: 0 : 25872, 13, 2025/09/22, 15:23:11.711, 8204592776585, vstest.console.dll, TestRunRequest:SendTestRunStatsChange: Starting.
TpTrace Verbose: 0 : 25872, 13, 2025/09/22, 15:23:11.711, 8204592777427, vstest.console.dll, InProgress is SignIn_InvalidUsername_ErrorMessage
TpTrace Verbose: 0 : 25872, 13, 2025/09/22, 15:23:11.711, 8204592778528, vstest.console.dll, MulticastDelegateUtilities.SafeInvoke: TestRun.RunStatsChanged: Invoking callbacks was skipped because there are no subscribers.
TpTrace Information: 0 : 25872, 13, 2025/09/22, 15:23:11.711, 8204592778865, vstest.console.dll, TestRunRequest:SendTestRunStatsChange: Completed.
TpTrace Verbose: 0 : 25872, 13, 2025/09/22, 15:23:11.711, 8204592779227, vstest.console.dll, MulticastDelegateUtilities.SafeInvoke: LengthPrefixCommunicationChannel: MessageReceived: Invoking callback 1/1 for Microsoft.VisualStudio.TestPlatform.CommunicationUtilities.TestRequestSender+<>c__DisplayClass34_0., took 1 ms.
TpTrace Verbose: 0 : 25872, 13, 2025/09/22, 15:23:11.711, 8204592779532, vstest.console.dll, TcpClientExtensions.MessageLoopAsync: Polling on remoteEndPoint: 127.0.0.1:53164 localEndPoint: 127.0.0.1:53163 after 912 ms
TpTrace Verbose: 0 : 25872, 4, 2025/09/22, 15:23:11.711, 8204592781165, vstest.console.dll, MulticastDelegateUtilities.SafeInvoke: InternalTestLoggerEvents.SendTestResult: Invoking callback 1/1 for Microsoft.VisualStudio.TestPlatform.CommandLine.Internal.ConsoleLogger., took 0 ms.
TpTrace Verbose: 0 : 25872, 13, 2025/09/22, 15:23:12.711, 8204602781450, vstest.console.dll, TcpClientExtensions.MessageLoopAsync: Polling on remoteEndPoint: 127.0.0.1:53164 localEndPoint: 127.0.0.1:53163 after 1000 ms
TpTrace Verbose: 0 : 25872, 13, 2025/09/22, 15:23:13.638, 8204612044346, vstest.console.dll, TcpClientExtensions.MessageLoopAsync: NotifyDataAvailable remoteEndPoint: 127.0.0.1:53164 localEndPoint: 127.0.0.1:53163
TpTrace Verbose: 0 : 25872, 13, 2025/09/22, 15:23:13.638, 8204612046183, vstest.console.dll, TestRequestSender.OnExecutionMessageReceived: Received message: {"Version":7,"MessageType":"TestExecution.StatsChange","Payload":{"NewTestResults":[{"TestCase":{"Id":"75706411-ca80-5f69-3353-a87307103444","FullyQualifiedName":"WWT_Automation.Tests.AdminTool.SignIn.SignIn_InvalidUsername_ErrorMessage","DisplayName":"SignIn_InvalidUsername_ErrorMessage","ExecutorUri":"executor://NUnit3TestExecutor","Source":"D:\\Automation\\WWT-Automation\\bin\\Debug\\net8.0\\fine-code-coverage\\build-output\\WWT-Automation.dll","CodeFilePath":null,"LineNumber":0,"Properties":[{"Key":{"Id":"NUnit.Seed","Label":"Seed","Category":"","Description":"","Attributes":0,"ValueType":"System.String"},"Value":"632048399"}]},"Attachments":[],"Outcome":1,"ErrorMessage":null,"ErrorStackTrace":null,"DisplayName":"SignIn_InvalidUsername_ErrorMessage","Messages":[],"ComputerName":"ITSM-738","Duration":"00:00:01.9295490","StartTime":"2025-09-22T13:23:11.7062117+00:00","EndTime":"2025-09-22T13:23:13.6357594+00:00","Properties":[{"Key":{"Id":"NUnit.Seed","Label":"Seed","Category":"","Description":"","Attributes":0,"ValueType":"System.String"},"Value":"632048399"}]}],"TestRunStatistics":{"ExecutedTests":3,"Stats":{"Failed":1,"Passed":2}},"ActiveTests":[{"Id":"9df48537-7070-188c-0953-ff8ce55a3600","FullyQualifiedName":"WWT_Automation.Tests.AdminTool.SignIn.SignIn_ValidCredentials_SuccessfulSignIn","DisplayName":"SignIn_ValidCredentials_SuccessfulSignIn","ExecutorUri":"executor://NUnit3TestExecutor","Source":"D:\\Automation\\WWT-Automation\\bin\\Debug\\net8.0\\fine-code-coverage\\build-output\\WWT-Automation.dll","CodeFilePath":null,"LineNumber":0,"Properties":[{"Key":{"Id":"NUnit.Seed","Label":"Seed","Category":"","Description":"","Attributes":0,"ValueType":"System.String"},"Value":"309379960"}]}]}}
TpTrace Verbose: 0 : 25872, 13, 2025/09/22, 15:23:13.638, 8204612050685, vstest.console.dll, TestRunRequest:SendTestRunStatsChange: Starting.
TpTrace Verbose: 0 : 25872, 13, 2025/09/22, 15:23:13.638, 8204612051070, vstest.console.dll, InProgress is SignIn_ValidCredentials_SuccessfulSignIn
TpTrace Verbose: 0 : 25872, 13, 2025/09/22, 15:23:13.639, 8204612051425, vstest.console.dll, MulticastDelegateUtilities.SafeInvoke: TestRun.RunStatsChanged: Invoking callbacks was skipped because there are no subscribers.
TpTrace Information: 0 : 25872, 13, 2025/09/22, 15:23:13.639, 8204612051653, vstest.console.dll, TestRunRequest:SendTestRunStatsChange: Completed.
TpTrace Verbose: 0 : 25872, 13, 2025/09/22, 15:23:13.639, 8204612051880, vstest.console.dll, MulticastDelegateUtilities.SafeInvoke: LengthPrefixCommunicationChannel: MessageReceived: Invoking callback 1/1 for Microsoft.VisualStudio.TestPlatform.CommunicationUtilities.TestRequestSender+<>c__DisplayClass34_0., took 0 ms.
TpTrace Verbose: 0 : 25872, 4, 2025/09/22, 15:23:13.639, 8204612052137, vstest.console.dll, MulticastDelegateUtilities.SafeInvoke: InternalTestLoggerEvents.SendTestResult: Invoking callback 1/1 for Microsoft.VisualStudio.TestPlatform.CommandLine.Internal.ConsoleLogger., took 0 ms.
TpTrace Verbose: 0 : 25872, 13, 2025/09/22, 15:23:13.639, 8204612052188, vstest.console.dll, TcpClientExtensions.MessageLoopAsync: Polling on remoteEndPoint: 127.0.0.1:53164 localEndPoint: 127.0.0.1:53163 after 926 ms
TpTrace Verbose: 0 : 25872, 13, 2025/09/22, 15:23:14.642, 8204622085209, vstest.console.dll, TcpClientExtensions.MessageLoopAsync: Polling on remoteEndPoint: 127.0.0.1:53164 localEndPoint: 127.0.0.1:53163 after 1003 ms
TpTrace Verbose: 0 : 25872, 13, 2025/09/22, 15:23:15.644, 8204632101751, vstest.console.dll, TcpClientExtensions.MessageLoopAsync: Polling on remoteEndPoint: 127.0.0.1:53164 localEndPoint: 127.0.0.1:53163 after 1001 ms
TpTrace Verbose: 0 : 25872, 13, 2025/09/22, 15:23:16.647, 8204642132582, vstest.console.dll, TcpClientExtensions.MessageLoopAsync: Polling on remoteEndPoint: 127.0.0.1:53164 localEndPoint: 127.0.0.1:53163 after 1002 ms
TpTrace Verbose: 0 : 25872, 13, 2025/09/22, 15:23:16.779, 8204643454152, vstest.console.dll, TcpClientExtensions.MessageLoopAsync: NotifyDataAvailable remoteEndPoint: 127.0.0.1:53164 localEndPoint: 127.0.0.1:53163
TpTrace Verbose: 0 : 25872, 13, 2025/09/22, 15:23:16.779, 8204643455893, vstest.console.dll, TestRequestSender.OnExecutionMessageReceived: Received message: {"Version":7,"MessageType":"TestExecution.StatsChange","Payload":{"NewTestResults":[{"TestCase":{"Id":"9df48537-7070-188c-0953-ff8ce55a3600","FullyQualifiedName":"WWT_Automation.Tests.AdminTool.SignIn.SignIn_ValidCredentials_SuccessfulSignIn","DisplayName":"SignIn_ValidCredentials_SuccessfulSignIn","ExecutorUri":"executor://NUnit3TestExecutor","Source":"D:\\Automation\\WWT-Automation\\bin\\Debug\\net8.0\\fine-code-coverage\\build-output\\WWT-Automation.dll","CodeFilePath":null,"LineNumber":0,"Properties":[{"Key":{"Id":"NUnit.Seed","Label":"Seed","Category":"","Description":"","Attributes":0,"ValueType":"System.String"},"Value":"309379960"}]},"Attachments":[],"Outcome":1,"ErrorMessage":null,"ErrorStackTrace":null,"DisplayName":"SignIn_ValidCredentials_SuccessfulSignIn","Messages":[],"ComputerName":"ITSM-738","Duration":"00:00:03.1411190","StartTime":"2025-09-22T13:23:13.6358024+00:00","EndTime":"2025-09-22T13:23:16.7769215+00:00","Properties":[{"Key":{"Id":"NUnit.Seed","Label":"Seed","Category":"","Description":"","Attributes":0,"ValueType":"System.String"},"Value":"309379960"}]}],"TestRunStatistics":{"ExecutedTests":4,"Stats":{"Failed":1,"Passed":3}},"ActiveTests":[{"Id":"113290f1-28d2-b4e5-8642-09c27e899f77","FullyQualifiedName":"WWT_Automation.Tests.AdminTool.SignIn.SignIn_ValidCredentialsWith2FA_6DigitScreenAppears","DisplayName":"SignIn_ValidCredentialsWith2FA_6DigitScreenAppears","ExecutorUri":"executor://NUnit3TestExecutor","Source":"D:\\Automation\\WWT-Automation\\bin\\Debug\\net8.0\\fine-code-coverage\\build-output\\WWT-Automation.dll","CodeFilePath":null,"LineNumber":0,"Properties":[{"Key":{"Id":"NUnit.Seed","Label":"Seed","Category":"","Description":"","Attributes":0,"ValueType":"System.String"},"Value":"1510303643"}]}]}}
TpTrace Verbose: 0 : 25872, 13, 2025/09/22, 15:23:16.780, 8204643462000, vstest.console.dll, TestRunRequest:SendTestRunStatsChange: Starting.
TpTrace Verbose: 0 : 25872, 13, 2025/09/22, 15:23:16.780, 8204643462742, vstest.console.dll, InProgress is SignIn_ValidCredentialsWith2FA_6DigitScreenAppears
TpTrace Verbose: 0 : 25872, 13, 2025/09/22, 15:23:16.780, 8204643463594, vstest.console.dll, MulticastDelegateUtilities.SafeInvoke: TestRun.RunStatsChanged: Invoking callbacks was skipped because there are no subscribers.
TpTrace Information: 0 : 25872, 13, 2025/09/22, 15:23:16.780, 8204643464300, vstest.console.dll, TestRunRequest:SendTestRunStatsChange: Completed.
TpTrace Verbose: 0 : 25872, 13, 2025/09/22, 15:23:16.780, 8204643464981, vstest.console.dll, MulticastDelegateUtilities.SafeInvoke: LengthPrefixCommunicationChannel: MessageReceived: Invoking callback 1/1 for Microsoft.VisualStudio.TestPlatform.CommunicationUtilities.TestRequestSender+<>c__DisplayClass34_0., took 0 ms.
TpTrace Verbose: 0 : 25872, 4, 2025/09/22, 15:23:16.780, 8204643465016, vstest.console.dll, MulticastDelegateUtilities.SafeInvoke: InternalTestLoggerEvents.SendTestResult: Invoking callback 1/1 for Microsoft.VisualStudio.TestPlatform.CommandLine.Internal.ConsoleLogger., took 0 ms.
TpTrace Verbose: 0 : 25872, 13, 2025/09/22, 15:23:16.780, 8204643465658, vstest.console.dll, TcpClientExtensions.MessageLoopAsync: Polling on remoteEndPoint: 127.0.0.1:53164 localEndPoint: 127.0.0.1:53163 after 133 ms
TpTrace Verbose: 0 : 25872, 13, 2025/09/22, 15:23:17.780, 8204653466847, vstest.console.dll, TcpClientExtensions.MessageLoopAsync: Polling on remoteEndPoint: 127.0.0.1:53164 localEndPoint: 127.0.0.1:53163 after 1000 ms
TpTrace Verbose: 0 : 25872, 13, 2025/09/22, 15:23:18.795, 8204663612021, vstest.console.dll, TcpClientExtensions.MessageLoopAsync: Polling on remoteEndPoint: 127.0.0.1:53164 localEndPoint: 127.0.0.1:53163 after 1014 ms
TpTrace Verbose: 0 : 25872, 13, 2025/09/22, 15:23:19.798, 8204673650000, vstest.console.dll, TcpClientExtensions.MessageLoopAsync: Polling on remoteEndPoint: 127.0.0.1:53164 localEndPoint: 127.0.0.1:53163 after 1003 ms
TpTrace Verbose: 0 : 25872, 13, 2025/09/22, 15:23:20.150, 8204677170043, vstest.console.dll, TcpClientExtensions.MessageLoopAsync: NotifyDataAvailable remoteEndPoint: 127.0.0.1:53164 localEndPoint: 127.0.0.1:53163
TpTrace Verbose: 0 : 25872, 13, 2025/09/22, 15:23:20.150, 8204677171256, vstest.console.dll, TestRequestSender.OnExecutionMessageReceived: Received message: {"Version":7,"MessageType":"TestSession.Message","Payload":{"MessageLevel":0,"Message":"NUnit Adapter 4.5.0.0: Test execution complete"}}
TpTrace Verbose: 0 : 25872, 13, 2025/09/22, 15:23:20.151, 8204677172235, vstest.console.dll, TestRunRequest:SendTestRunMessage: Starting.
TpTrace Verbose: 0 : 25872, 13, 2025/09/22, 15:23:20.151, 8204677172778, vstest.console.dll, MulticastDelegateUtilities.SafeInvoke: TestRun.LogMessages: Invoking callback 1/1 for Microsoft.VisualStudio.TestPlatform.CommandLine.TestRunResultAggregator., took 0 ms.
TpTrace Information: 0 : 25872, 13, 2025/09/22, 15:23:20.151, 8204677173052, vstest.console.dll, TestRunRequest:SendTestRunMessage: Completed.
TpTrace Verbose: 0 : 25872, 4, 2025/09/22, 15:23:20.151, 8204677173037, vstest.console.dll, MulticastDelegateUtilities.SafeInvoke: InternalTestLoggerEvents.SendTestRunMessage: Invoking callback 1/1 for Microsoft.VisualStudio.TestPlatform.CommandLine.Internal.ConsoleLogger., took 0 ms.
TpTrace Verbose: 0 : 25872, 13, 2025/09/22, 15:23:20.151, 8204677174770, vstest.console.dll, MulticastDelegateUtilities.SafeInvoke: LengthPrefixCommunicationChannel: MessageReceived: Invoking callback 1/1 for Microsoft.VisualStudio.TestPlatform.CommunicationUtilities.TestRequestSender+<>c__DisplayClass34_0., took 0 ms.
TpTrace Verbose: 0 : 25872, 13, 2025/09/22, 15:23:20.151, 8204677175962, vstest.console.dll, TcpClientExtensions.MessageLoopAsync: Polling on remoteEndPoint: 127.0.0.1:53164 localEndPoint: 127.0.0.1:53163 after 352 ms
TpTrace Verbose: 0 : 25872, 13, 2025/09/22, 15:23:20.160, 8204677263000, vstest.console.dll, TcpClientExtensions.MessageLoopAsync: NotifyDataAvailable remoteEndPoint: 127.0.0.1:53164 localEndPoint: 127.0.0.1:53163
TpTrace Verbose: 0 : 25872, 13, 2025/09/22, 15:23:20.160, 8204677264865, vstest.console.dll, TestRequestSender.OnExecutionMessageReceived: Received message: {"Version":7,"MessageType":"TestExecution.Completed","Payload":{"TestRunCompleteArgs":{"TestRunStatistics":{"ExecutedTests":5,"Stats":{"Failed":1,"Passed":4}},"IsCanceled":false,"IsAborted":false,"Error":null,"AttachmentSets":[],"InvokedDataCollectors":[],"ElapsedTimeInRunningTests":"00:00:19.3174766","Metrics":{},"DiscoveredExtensions":{"TestDiscoverers":["NUnit.VisualStudio.TestAdapter.NUnit3TestDiscoverer, NUnit3.TestAdapter, Version=4.5.0.0, Culture=neutral, PublicKeyToken=4cb40d35494691ac"],"TestExecutors":["executor://NUnit3TestExecutor"],"TestExecutors2":[],"TestSettingsProviders":[]}},"LastRunTests":{"NewTestResults":[{"TestCase":{"Id":"113290f1-28d2-b4e5-8642-09c27e899f77","FullyQualifiedName":"WWT_Automation.Tests.AdminTool.SignIn.SignIn_ValidCredentialsWith2FA_6DigitScreenAppears","DisplayName":"SignIn_ValidCredentialsWith2FA_6DigitScreenAppears","ExecutorUri":"executor://NUnit3TestExecutor","Source":"D:\\Automation\\WWT-Automation\\bin\\Debug\\net8.0\\fine-code-coverage\\build-output\\WWT-Automation.dll","CodeFilePath":null,"LineNumber":0,"Properties":[{"Key":{"Id":"NUnit.Seed","Label":"Seed","Category":"","Description":"","Attributes":0,"ValueType":"System.String"},"Value":"1510303643"}]},"Attachments":[],"Outcome":1,"ErrorMessage":null,"ErrorStackTrace":null,"DisplayName":"SignIn_ValidCredentialsWith2FA_6DigitScreenAppears","Messages":[],"ComputerName":"ITSM-738","Duration":"00:00:03.3682850","StartTime":"2025-09-22T13:23:16.7769606+00:00","EndTime":"2025-09-22T13:23:20.1452447+00:00","Properties":[{"Key":{"Id":"NUnit.Seed","Label":"Seed","Category":"","Description":"","Attributes":0,"ValueType":"System.String"},"Value":"1510303643"}]}],"TestRunStatistics":{"ExecutedTests":5,"Stats":{"Failed":1,"Passed":4}},"ActiveTests":[]},"RunAttachments":[],"ExecutorUris":["executor://nunit3testexecutor/"]}}
TpTrace Verbose: 0 : 25872, 13, 2025/09/22, 15:23:20.160, 8204677266009, vstest.console.dll, TestRequestSender.EndSession: Sending end session.
TpTrace Verbose: 0 : 25872, 13, 2025/09/22, 15:23:20.160, 8204677267692, vstest.console.dll, ProxyOperationManager.Close: waiting for test host to exit for 100 ms
TpTrace Warning: 0 : 25872, 9, 2025/09/22, 15:23:20.181, 8204677478950, vstest.console.dll, TestHostManagerCallbacks.ErrorReceivedCallback Test host standard error line: 
TpTrace Verbose: 0 : 25872, 11, 2025/09/22, 15:23:20.181, 8204677478919, vstest.console.dll, TestHostManagerCallbacks.StandardOutputReceivedCallback Test host standard output line: 
TpTrace Verbose: 0 : 25872, 11, 2025/09/22, 15:23:20.193, 8204677599073, vstest.console.dll, TestHostProvider.ExitCallBack: Host exited starting callback.
TpTrace Information: 0 : 25872, 11, 2025/09/22, 15:23:20.193, 8204677600017, vstest.console.dll, TestHostManagerCallbacks.ExitCallBack: Testhost processId: 29568 exited with exitcode: 0 error: ''
TpTrace Verbose: 0 : 25872, 11, 2025/09/22, 15:23:20.193, 8204677600376, vstest.console.dll, DotnetTestHostManager.OnHostExited: invoking OnHostExited callback
TpTrace Verbose: 0 : 25872, 11, 2025/09/22, 15:23:20.193, 8204677600799, vstest.console.dll, CrossPlatEngine.TestHostManagerHostExited: calling on client process exit callback.
TpTrace Information: 0 : 25872, 11, 2025/09/22, 15:23:20.193, 8204677601200, vstest.console.dll, TestRequestSender.OnClientProcessExit: Test host process exited. Standard error: 
TpTrace Information: 0 : 25872, 11, 2025/09/22, 15:23:20.194, 8204677601509, vstest.console.dll, SocketServer.Stop: Stop server endPoint: 127.0.0.1:53163
TpTrace Information: 0 : 25872, 13, 2025/09/22, 15:23:20.194, 8204677601530, vstest.console.dll, SocketServer.Stop: Stop server endPoint: 127.0.0.1:53163
TpTrace Information: 0 : 25872, 11, 2025/09/22, 15:23:20.194, 8204677601728, vstest.console.dll, SocketServer.Stop: Cancellation requested. Stopping message loop.
TpTrace Information: 0 : 25872, 13, 2025/09/22, 15:23:20.194, 8204677602136, vstest.console.dll, SocketServer.Stop: Cancellation requested. Stopping message loop.
TpTrace Information: 0 : 25872, 13, 2025/09/22, 15:23:20.194, 8204677602869, vstest.console.dll, Closing the connection
TpTrace Verbose: 0 : 25872, 11, 2025/09/22, 15:23:20.194, 8204677602928, vstest.console.dll, MulticastDelegateUtilities.SafeInvoke: HostProviderEvents.OnHostExited: Invoking callback 1/1 for Microsoft.VisualStudio.TestPlatform.CrossPlatEngine.Client.ProxyOperationManager., took 0 ms.
TpTrace Verbose: 0 : 25872, 13, 2025/09/22, 15:23:20.194, 8204677604494, vstest.console.dll, ProxyDataCollectionManager.InvokeDataCollectionServiceAction: Starting.
TpTrace Information: 0 : 25872, 13, 2025/09/22, 15:23:20.194, 8204677604885, vstest.console.dll, ProxyDataCollectionManager.AfterTestRunEnd: Get attachment set and invoked data collectors processId: 23956 port: 53158
TpTrace Verbose: 0 : 25872, 13, 2025/09/22, 15:23:20.194, 8204677605283, vstest.console.dll, DataCollectionRequestSender.SendAfterTestRunStartAndGetResult: Send AfterTestRunEnd message with isCancelled: False
TpTrace Verbose: 0 : 25872, 13, 2025/09/22, 15:23:20.199, 8204677654900, vstest.console.dll, DataCollectionRequestSender.SendAfterTestRunStartAndGetResult: Received message: (DataCollection.AfterTestRunEndResult) -> {"MessageType":"DataCollection.AfterTestRunEndResult","Payload":{"AttachmentSets":[],"InvokedDataCollectors":[{"Uri":"datacollector://Microsoft/TestPlatform/Extensions/Blame/v1","FriendlyName":"Blame","AssemblyQualifiedName":"Microsoft.TestPlatform.Extensions.BlameDataCollector.BlameCollector, Microsoft.TestPlatform.Extensions.BlameDataCollector, Version=15.0.0.0, Culture=neutral, PublicKeyToken=b03f5f7f11d50a3a","FilePath":"C:\\Program Files\\dotnet\\sdk\\9.0.304\\Extensions\\Microsoft.TestPlatform.Extensions.BlameDataCollector.dll","HasAttachmentProcessor":false}],"Metrics":{}}}
TpTrace Information: 0 : 25872, 13, 2025/09/22, 15:23:20.202, 8204677684679, vstest.console.dll, ProxyDataCollectionManager.InvokeDataCollectionServiceAction: Completed.
TpTrace Warning: 0 : 25872, 10, 2025/09/22, 15:23:20.215, 8204677821028, vstest.console.dll, DataCollectionLauncher.ErrorReceivedCallback datacollector standard error line: 
TpTrace Information: 0 : 25872, 10, 2025/09/22, 15:23:20.220, 8204677869183, vstest.console.dll, DataCollectionLauncher.ExitCallBack: Data collector exited with exitcode: 0 error: ''
TpTrace Verbose: 0 : 25872, 13, 2025/09/22, 15:23:20.228, 8204677950826, vstest.console.dll, TestRunRequest:SendTestRunStatsChange: Starting.
TpTrace Verbose: 0 : 25872, 13, 2025/09/22, 15:23:20.229, 8204677952475, vstest.console.dll, MulticastDelegateUtilities.SafeInvoke: TestRun.RunStatsChanged: Invoking callbacks was skipped because there are no subscribers.
TpTrace Information: 0 : 25872, 13, 2025/09/22, 15:23:20.229, 8204677952868, vstest.console.dll, TestRunRequest:SendTestRunStatsChange: Completed.
TpTrace Verbose: 0 : 25872, 4, 2025/09/22, 15:23:20.229, 8204677953657, vstest.console.dll, MulticastDelegateUtilities.SafeInvoke: InternalTestLoggerEvents.SendTestResult: Invoking callback 1/1 for Microsoft.VisualStudio.TestPlatform.CommandLine.Internal.ConsoleLogger., took 0 ms.
TpTrace Verbose: 0 : 25872, 13, 2025/09/22, 15:23:20.229, 8204677956652, vstest.console.dll, ParallelProxyExecutionManager: HandlePartialRunComplete: Total workloads = 1, Total started clients = 1 Total completed clients = 1, Run complete = True, Run canceled: False.
TpTrace Verbose: 0 : 25872, 13, 2025/09/22, 15:23:20.229, 8204677956954, vstest.console.dll, ParallelProxyExecutionManager: HandlePartialRunComplete: All runs completed stopping all managers.
TpTrace Verbose: 0 : 25872, 13, 2025/09/22, 15:23:20.229, 8204677957312, vstest.console.dll, ParallelOperationManager.StopAllManagers: Stopping all managers.
TpTrace Verbose: 0 : 25872, 13, 2025/09/22, 15:23:20.229, 8204677957570, vstest.console.dll, ParallelOperationManager.ClearSlots: Clearing all slots. Slots should accept more work: False
TpTrace Verbose: 0 : 25872, 13, 2025/09/22, 15:23:20.229, 8204677957995, vstest.console.dll, ParallelOperationManager.SetOccupiedSlotCount: Setting slot counts AvailableSlotCount = 1, OccupiedSlotCount = 0.
TpTrace Verbose: 0 : 25872, 13, 2025/09/22, 15:23:20.229, 8204677958529, vstest.console.dll, Occupied slots:

TpTrace Verbose: 0 : 25872, 4, 2025/09/22, 15:23:20.235, 8204678011746, vstest.console.dll, MulticastDelegateUtilities.SafeInvoke: InternalTestLoggerEvents.SendTestRunComplete: Invoking callback 1/2 for Microsoft.TestPlatform.Extensions.BlameDataCollector.BlameLogger., took 0 ms.
TpTrace Verbose: 0 : 25872, 4, 2025/09/22, 15:23:20.238, 8204678043818, vstest.console.dll, MulticastDelegateUtilities.SafeInvoke: InternalTestLoggerEvents.SendTestRunComplete: Invoking callback 2/2 for Microsoft.VisualStudio.TestPlatform.CommandLine.Internal.ConsoleLogger., took 3 ms.
TpTrace Verbose: 0 : 25872, 13, 2025/09/22, 15:23:20.238, 8204678045638, vstest.console.dll, TestRunRequest:TestRunComplete: Starting. IsAborted:False IsCanceled:False.
TpTrace Verbose: 0 : 25872, 13, 2025/09/22, 15:23:20.238, 8204678046642, vstest.console.dll, ParallelOperationManager.DoActionOnAllManagers: Calling an action on all managers.
TpTrace Verbose: 0 : 25872, 13, 2025/09/22, 15:23:20.239, 8204678051817, vstest.console.dll, TestLoggerManager.HandleTestRunComplete: Ignoring as the object is disposed.
TpTrace Verbose: 0 : 25872, 13, 2025/09/22, 15:23:20.239, 8204678052993, vstest.console.dll, MulticastDelegateUtilities.SafeInvoke: TestRun.TestRunComplete: Invoking callback 1/2 for Microsoft.VisualStudio.TestPlatform.CommandLine.TestRunResultAggregator., took 0 ms.
TpTrace Verbose: 0 : 25872, 13, 2025/09/22, 15:23:20.239, 8204678053774, vstest.console.dll, MulticastDelegateUtilities.SafeInvoke: TestRun.TestRunComplete: Invoking callback 2/2 for Microsoft.VisualStudio.TestPlatform.CommandLine.Processors.RunTestsArgumentExecutor+TestRunRequestEventsRegistrar., took 0 ms.
TpTrace Information: 0 : 25872, 13, 2025/09/22, 15:23:20.239, 8204678054400, vstest.console.dll, TestRunRequest:TestRunComplete: Completed.
TpTrace Verbose: 0 : 25872, 2, 2025/09/22, 15:23:20.239, 8204678054554, vstest.console.dll, TestRunRequest.Dispose: Starting.
TpTrace Verbose: 0 : 25872, 13, 2025/09/22, 15:23:20.239, 8204678054717, vstest.console.dll, TestRequestSender.SetOperationComplete: Setting operation complete.
TpTrace Information: 0 : 25872, 2, 2025/09/22, 15:23:20.239, 8204678055181, vstest.console.dll, TestRunRequest.Dispose: Completed.
TpTrace Information: 0 : 25872, 13, 2025/09/22, 15:23:20.239, 8204678055502, vstest.console.dll, SocketServer.Stop: Stop server endPoint: 127.0.0.1:53163
TpTrace Information: 0 : 25872, 13, 2025/09/22, 15:23:20.239, 8204678056103, vstest.console.dll, SocketServer.Stop: Cancellation requested. Stopping message loop.
TpTrace Information: 0 : 25872, 2, 2025/09/22, 15:23:20.239, 8204678055891, vstest.console.dll, TestRequestManager.RunTests: run tests completed.
TpTrace Verbose: 0 : 25872, 13, 2025/09/22, 15:23:20.239, 8204678056439, vstest.console.dll, MulticastDelegateUtilities.SafeInvoke: LengthPrefixCommunicationChannel: MessageReceived: Invoking callback 1/1 for Microsoft.VisualStudio.TestPlatform.CommunicationUtilities.TestRequestSender+<>c__DisplayClass34_0., took 79 ms.
TpTrace Information: 0 : 25872, 2, 2025/09/22, 15:23:20.239, 8204678057054, vstest.console.dll, RunTestsArgumentProcessor:Execute: Test run is completed.
TpTrace Information: 0 : 25872, 13, 2025/09/22, 15:23:20.239, 8204678057102, vstest.console.dll, SocketServer.PrivateStop: Stopping server endPoint: 127.0.0.1:53163 error: 
TpTrace Verbose: 0 : 25872, 2, 2025/09/22, 15:23:20.239, 8204678058742, vstest.console.dll, Executor.Execute: Exiting with exit code of 1
TpTrace Verbose: 0 : 25872, 13, 2025/09/22, 15:23:20.239, 8204678060094, vstest.console.dll, LengthPrefixCommunicationChannel.Dispose: Dispose reader and writer.
TpTrace Information: 0 : 25872, 13, 2025/09/22, 15:23:20.239, 8204678060568, vstest.console.dll, SocketServer.Stop: Raise disconnected event endPoint: 127.0.0.1:53163 error: 
TpTrace Verbose: 0 : 25872, 13, 2025/09/22, 15:23:20.239, 8204678061022, vstest.console.dll, TestRequestSender: OnTestRunAbort: Operation is already complete. Skip error message.
TpTrace Verbose: 0 : 25872, 13, 2025/09/22, 15:23:20.239, 8204678061289, vstest.console.dll, MulticastDelegateUtilities.SafeInvoke: SocketServer: ClientDisconnected: Invoking callback 1/1 for Microsoft.VisualStudio.TestPlatform.CommunicationUtilities.TestRequestSender., took 0 ms.
TpTrace Verbose: 0 : 25872, 13, 2025/09/22, 15:23:20.240, 8204678061498, vstest.console.dll, TcpClientExtensions.MessageLoopAsync: exiting MessageLoopAsync remoteEndPoint: 127.0.0.1:53164 localEndPoint: 127.0.0.1:53163
